variant,text_mode,file,id,text_source,predicted_class,predicted_strength,prob_negative,prob_neutral,prob_positive,observed_text_bins,missing_text_bins,missing_text_intervals,weight_text,observed_audio_bins,missing_audio_bins,missing_audio_intervals,weight_audio,observed_vision_bins,missing_vision_bins,missing_vision_intervals,weight_vision
aligned,distilbert,附件3_01.pkl,附件3_01,provided_text_bert_token_ids,Negative,-0.5766449570655823,0.6357721090316772,0.25082144141197205,0.11340644955635071,8,0,,0.521101713180542,6,43,7-49,0.2060408592224121,6,43,7-49,0.2728574872016907
aligned,distilbert,附件3_02.pkl,附件3_02,provided_text_bert_token_ids,Neutral,-0.18093904852867126,0.22895678877830505,0.6177095770835876,0.15333358943462372,30,0,,0.5768135190010071,23,26,2-2;5-5;7-7;9-10;29-49,0.13148948550224304,23,26,2-2;5-5;7-7;9-10;29-49,0.2916969954967499
aligned,distilbert,附件3_03.pkl,附件3_03,provided_text_bert_token_ids,Neutral,0.07355672866106033,0.15244820713996887,0.603147566318512,0.244404137134552,34,0,,0.5960776805877686,27,22,6-6;16-16;20-20;23-23;31-31;33-49,0.1268022507429123,23,26,6-6;16-16;20-21;23-26;31-31;33-49,0.27712005376815796
aligned,distilbert,附件3_04.pkl,附件3_04,provided_text_bert_token_ids,Neutral,0.20614397525787354,0.1323215216398239,0.5530887246131897,0.3145897388458252,33,0,,0.5470717549324036,29,20,6-6;8-8;32-49,0.18683333694934845,29,20,6-6;8-8;32-49,0.2660948932170868
aligned,distilbert,附件3_05.pkl,附件3_05,provided_text_bert_token_ids,Negative,-0.9724686145782471,0.8070429563522339,0.12964746356010437,0.06330957263708115,14,0,,0.5810071229934692,12,37,13-49,0.15779349207878113,12,37,13-49,0.26119938492774963
aligned,distilbert,附件3_06.pkl,附件3_06,provided_text_bert_token_ids,Positive,0.9756040573120117,0.023184435442090034,0.15212665498256683,0.8246889114379883,27,0,,0.6335015892982483,22,27,14-14;17-17;25-49,0.17364929616451263,22,27,14-14;17-17;25-49,0.19284911453723907
aligned,distilbert,附件3_07.pkl,附件3_07,provided_text_bert_token_ids,Positive,0.5535058975219727,0.11974677443504333,0.292986661195755,0.5872665643692017,23,0,,0.5888656377792358,18,31,10-10;12-12;14-14;22-49,0.13836604356765747,18,31,10-10;12-12;14-14;22-49,0.2727683484554291
aligned,distilbert,附件3_08.pkl,附件3_08,provided_text_bert_token_ids,Negative,-0.5386545658111572,0.675998866558075,0.19385547935962677,0.13014566898345947,17,0,,0.5681924819946289,13,36,9-10;16-49,0.17729665338993073,13,36,9-10;16-49,0.2545108497142792
aligned,distilbert,附件3_09.pkl,附件3_09,provided_text_bert_token_ids,Positive,1.401842713356018,0.019358517602086067,0.05228102207183838,0.9283605217933655,16,0,,0.659640371799469,12,37,3-4;15-49,0.14973804354667664,12,37,3-4;15-49,0.19062158465385437
aligned,distilbert,附件3_10.pkl,附件3_10,provided_text_bert_token_ids,Neutral,-0.15759867429733276,0.17852796614170074,0.6804101467132568,0.14106185734272003,8,0,,0.4907858669757843,6,43,7-49,0.21953442692756653,6,43,7-49,0.28967970609664917
aligned,distilbert,附件3_11.pkl,附件3_11,provided_text_bert_token_ids,Neutral,0.47769686579704285,0.03990555182099342,0.48351314663887024,0.47658124566078186,16,0,,0.5210903286933899,10,39,4-5;7-7;14-49,0.21272704005241394,10,39,4-5;7-7;14-49,0.2661826014518738
aligned,distilbert,附件3_12.pkl,附件3_12,provided_text_bert_token_ids,Positive,0.554337203502655,0.091811403632164,0.33778104186058044,0.5704075694084167,15,0,,0.5795308351516724,11,38,5-5;13-49,0.1840980052947998,11,38,5-5;13-49,0.2363712340593338
aligned,distilbert,附件3_13.pkl,附件3_13,provided_text_bert_token_ids,Negative,-0.24928134679794312,0.5159062743186951,0.2849702835083008,0.199123352766037,21,0,,0.511540412902832,17,32,5-5;14-14;20-49,0.21261443197727203,17,32,5-5;14-14;20-49,0.2758451998233795
aligned,distilbert,附件3_14.pkl,附件3_14,provided_text_bert_token_ids,Negative,-0.858171820640564,0.7601107358932495,0.1653503179550171,0.0745389312505722,25,0,,0.6706414818763733,21,28,21-22;24-49,0.12971724569797516,21,28,21-22;24-49,0.19964122772216797
aligned,distilbert,附件3_15.pkl,附件3_15,provided_text_bert_token_ids,Positive,0.6432858109474182,0.033217594027519226,0.35118845105171204,0.6155939698219299,29,0,,0.6088154315948486,24,25,2-2;6-6;18-18;28-49,0.15757620334625244,24,25,2-2;6-6;18-18;28-49,0.23360836505889893
aligned,distilbert,附件3_16.pkl,附件3_16,provided_text_bert_token_ids,Positive,1.5086456537246704,0.01804446615278721,0.04151860252022743,0.9404368996620178,36,0,,0.7551408410072327,30,19,5-5;10-10;21-21;25-25;35-49,0.06504244357347488,30,19,5-5;10-10;21-21;25-25;35-49,0.17981675267219543
aligned,distilbert,附件3_17.pkl,附件3_17,provided_text_bert_token_ids,Negative,-0.3752586841583252,0.4545285999774933,0.4027790129184723,0.14269237220287323,24,0,,0.5484598875045776,14,35,1-3;5-5;12-12;15-15;18-18;21-21;23-49,0.1847274750471115,14,35,1-3;5-5;12-12;15-15;18-18;21-21;23-49,0.26681262254714966
aligned,distilbert,附件3_18.pkl,附件3_18,provided_text_bert_token_ids,Neutral,0.06200072914361954,0.17250479757785797,0.5828346014022827,0.2446606159210205,19,0,,0.550751805305481,14,35,2-3;5-5;18-49,0.18833686411380768,14,35,2-3;5-5;18-49,0.2609112858772278
aligned,distilbert,附件3_19.pkl,附件3_19,provided_text_bert_token_ids,Neutral,0.22372967004776,0.16885051131248474,0.4861418902873993,0.3450075685977936,26,0,,0.565759539604187,17,32,3-4;7-8;13-13;17-17;21-21;25-49,0.19765938818454742,17,32,3-4;7-8;13-13;17-17;21-21;25-49,0.23658102750778198
aligned,distilbert,附件3_20.pkl,附件3_20,provided_text_bert_token_ids,Neutral,-0.14939531683921814,0.24867156147956848,0.5765367746353149,0.17479167878627777,50,0,,0.5978781580924988,34,15,6-6;8-9;11-11;21-21;26-26;31-31;38-41;43-44;48-49,0.07354871928691864,34,15,6-6;8-9;11-11;21-21;26-26;31-31;38-41;43-44;48-49,0.32857319712638855
aligned,distilbert,附件3_21.pkl,附件3_21,provided_text_bert_token_ids,Neutral,0.4190833270549774,0.05976469814777374,0.4914720356464386,0.44876328110694885,11,0,,0.5392478704452515,6,43,2-2;4-4;8-8;10-49,0.1960223913192749,6,43,2-2;4-4;8-8;10-49,0.2647297978401184
aligned,distilbert,附件3_22.pkl,附件3_22,provided_text_bert_token_ids,Negative,-0.1721363067626953,0.49760061502456665,0.27504754066467285,0.2273518294095993,19,0,,0.5245733857154846,13,36,7-7;12-12;14-14;16-16;18-49,0.18500933051109314,13,36,7-7;12-12;14-14;16-16;18-49,0.29041731357574463
aligned,distilbert,附件3_23.pkl,附件3_23,provided_text_bert_token_ids,Positive,0.5847960710525513,0.0369570292532444,0.382144570350647,0.5808983445167542,15,0,,0.5692788362503052,9,40,6-6;10-12;14-49,0.17490850389003754,9,40,6-6;10-12;14-49,0.2558126747608185
aligned,distilbert,附件3_24.pkl,附件3_24,provided_text_bert_token_ids,Positive,0.5870646238327026,0.2600584626197815,0.12505307793617249,0.6148884892463684,10,0,,0.540514349937439,6,43,1-1;7-7;9-49,0.20205816626548767,6,43,1-1;7-7;9-49,0.257427453994751
aligned,distilbert,附件3_25.pkl,附件3_25,provided_text_bert_token_ids,Neutral,0.20134299993515015,0.06879732012748718,0.6738843321800232,0.25731831789016724,11,0,,0.5131478309631348,7,42,1-1;5-5;10-49,0.221950963139534,7,42,1-1;5-5;10-49,0.26490119099617004
aligned,distilbert,附件3_26.pkl,附件3_26,provided_text_bert_token_ids,Positive,1.1028788089752197,0.028328295797109604,0.10302425920963287,0.8686473965644836,24,0,,0.6365880370140076,16,33,1-1;5-5;11-11;15-16;22-49,0.13535349071025848,16,33,1-1;5-5;11-11;15-16;22-49,0.22805845737457275
aligned,distilbert,附件3_27.pkl,附件3_27,provided_text_bert_token_ids,Positive,0.8467656373977661,0.03768705576658249,0.1913064420223236,0.7710065245628357,23,0,,0.6134045124053955,13,36,2-4;7-7;10-10;18-18;20-49,0.13896620273590088,13,36,2-4;7-7;10-10;18-18;20-49,0.2476292997598648
aligned,distilbert,附件3_28.pkl,附件3_28,provided_text_bert_token_ids,Neutral,0.38878515362739563,0.05034846439957619,0.5449606776237488,0.4046908915042877,35,0,,0.6168755888938904,22,27,6-7;10-12;21-22;26-27;29-29;31-31;34-49,0.13801097869873047,22,27,6-7;10-12;21-22;26-27;29-29;31-31;34-49,0.24511343240737915
aligned,distilbert,附件3_29.pkl,附件3_29,provided_text_bert_token_ids,Positive,0.922515332698822,0.03946815803647041,0.15704207122325897,0.8034897446632385,20,0,,0.5896235704421997,10,39,2-2;7-10;15-15;17-49,0.15634405612945557,10,39,2-2;7-10;15-15;17-49,0.2540323734283447
aligned,distilbert,附件3_30.pkl,附件3_30,provided_text_bert_token_ids,Neutral,0.12709707021713257,0.12090795487165451,0.622008204460144,0.25708383321762085,26,0,,0.5436464548110962,12,37,1-1;4-4;7-10;14-14;18-18;20-23;25-49,0.20841144025325775,12,37,1-1;4-4;7-10;14-14;18-18;20-23;25-49,0.24794209003448486
unaligned,distilbert,附件3_未对齐版本_01.pkl,附件3_未对齐版本_01,tokenized_raw_text,Negative,-0.5669365525245667,0.6343380212783813,0.2502717077732086,0.11539026349782944,8,0,,0.5122685432434082,5,45,5-49,0.21504299342632294,4,46,4-49,0.27268844842910767
unaligned,distilbert,附件3_未对齐版本_02.pkl,附件3_未对齐版本_02,tokenized_raw_text,Neutral,-0.23242917656898499,0.2659868001937866,0.5891255140304565,0.1448877602815628,30,0,,0.5332000851631165,15,35,15-49,0.17215695977210999,11,39,11-49,0.29464295506477356
unaligned,distilbert,附件3_未对齐版本_03.pkl,附件3_未对齐版本_03,tokenized_raw_text,Neutral,0.20212453603744507,0.11042176187038422,0.5855733156204224,0.3040049076080322,34,0,,0.5513668060302734,20,30,20-49,0.15559764206409454,10,40,1-4;9-9;15-49,0.293035626411438
unaligned,distilbert,附件3_未对齐版本_04.pkl,附件3_未对齐版本_04,tokenized_raw_text,Neutral,0.04655330255627632,0.180500328540802,0.5801223516464233,0.23937731981277466,33,0,,0.5457265377044678,25,25,25-49,0.15508438646793365,19,31,19-49,0.2991890609264374
unaligned,distilbert,附件3_未对齐版本_05.pkl,附件3_未对齐版本_05,tokenized_raw_text,Negative,-0.9550302028656006,0.805454671382904,0.12957322597503662,0.06497210264205933,14,0,,0.5590827465057373,10,40,10-49,0.18172235786914825,7,43,7-49,0.25919491052627563
unaligned,distilbert,附件3_未对齐版本_06.pkl,附件3_未对齐版本_06,tokenized_raw_text,Positive,0.7900518774986267,0.02805066667497158,0.24402956664562225,0.7279196977615356,27,0,,0.5456662774085999,9,41,9-49,0.2118038833141327,7,43,7-49,0.24252991378307343
unaligned,distilbert,附件3_未对齐版本_07.pkl,附件3_未对齐版本_07,tokenized_raw_text,Positive,0.4363667070865631,0.17918294668197632,0.3027516305446625,0.5180655121803284,23,0,,0.5619164705276489,18,32,18-49,0.14485497772693634,14,36,14-49,0.29322853684425354
unaligned,distilbert,附件3_未对齐版本_08.pkl,附件3_未对齐版本_08,tokenized_raw_text,Negative,-1.1890684366226196,0.8862428069114685,0.06621483713388443,0.04754236713051796,17,0,,0.5764217972755432,10,40,10-49,0.18324649333953857,7,43,7-49,0.24033167958259583
unaligned,distilbert,附件3_未对齐版本_09.pkl,附件3_未对齐版本_09,tokenized_raw_text,Positive,1.309333324432373,0.022977294400334358,0.06288256496191025,0.9141401648521423,16,0,,0.6196134090423584,10,40,10-49,0.15572795271873474,7,43,7-49,0.2246585488319397
unaligned,distilbert,附件3_未对齐版本_10.pkl,附件3_未对齐版本_10,tokenized_raw_text,Neutral,-0.15167048573493958,0.17683254182338715,0.6809703707695007,0.14219704270362854,8,0,,0.4874984323978424,6,44,6-49,0.22102391719818115,5,45,5-49,0.2914775311946869
unaligned,distilbert,附件3_未对齐版本_11.pkl,附件3_未对齐版本_11,tokenized_raw_text,Neutral,0.13027891516685486,0.09327942132949829,0.673750638961792,0.23296986520290375,16,0,,0.47638243436813354,7,43,7-49,0.23081408441066742,5,45,5-49,0.29280346632003784
unaligned,distilbert,附件3_未对齐版本_12.pkl,附件3_未对齐版本_12,tokenized_raw_text,Neutral,0.22842621803283691,0.21597008407115936,0.40654078125953674,0.3774891793727875,15,0,,0.5293094515800476,11,39,11-49,0.20100295543670654,8,42,8-49,0.2696876525878906
unaligned,distilbert,附件3_未对齐版本_13.pkl,附件3_未对齐版本_13,tokenized_raw_text,Negative,-0.19710657000541687,0.5074237585067749,0.2731618285179138,0.21941442787647247,21,0,,0.5061061978340149,14,36,14-49,0.21257366240024567,11,39,11-49,0.28132006525993347
unaligned,distilbert,附件3_未对齐版本_14.pkl,附件3_未对齐版本_14,tokenized_raw_text,Negative,-0.819412887096405,0.7439675331115723,0.17688921093940735,0.07914324849843979,25,0,,0.6074803471565247,15,35,15-49,0.15224678814411163,11,39,11-49,0.24027283489704132
unaligned,distilbert,附件3_未对齐版本_15.pkl,附件3_未对齐版本_15,tokenized_raw_text,Positive,0.6379784941673279,0.03206440061330795,0.35224539041519165,0.6156902313232422,29,0,,0.5436554551124573,17,33,17-49,0.17927294969558716,11,39,11-49,0.2770715653896332
unaligned,distilbert,附件3_未对齐版本_16.pkl,附件3_未对齐版本_16,tokenized_raw_text,Positive,1.4968922138214111,0.017889464274048805,0.0424361452460289,0.939674437046051,36,0,,0.7167457938194275,24,26,24-49,0.09001638740301132,18,32,18-49,0.19323772192001343
unaligned,distilbert,附件3_未对齐版本_17.pkl,附件3_未对齐版本_17,tokenized_raw_text,Negative,-0.7503535151481628,0.7627713680267334,0.1445414274930954,0.09268717467784882,24,0,,0.5478546023368835,20,30,20-49,0.1802303045988083,13,37,13-49,0.2719150483608246
unaligned,distilbert,附件3_未对齐版本_18.pkl,附件3_未对齐版本_18,tokenized_raw_text,Neutral,-0.0197870135307312,0.22186648845672607,0.5584149956703186,0.2197185456752777,19,0,,0.5290455222129822,18,32,18-49,0.20338894426822662,11,39,11-49,0.2675655782222748
unaligned,distilbert,附件3_未对齐版本_19.pkl,附件3_未对齐版本_19,tokenized_raw_text,Negative,-0.7478732466697693,0.7414586544036865,0.16838926076889038,0.09015215933322906,26,0,,0.5597781538963318,15,35,15-49,0.19563904404640198,12,38,12-49,0.24458278715610504
unaligned,distilbert,附件3_未对齐版本_20.pkl,附件3_未对齐版本_20,tokenized_raw_text,Neutral,-0.3248543441295624,0.3879344165325165,0.4671943783760071,0.14487113058567047,50,0,,0.585198700428009,31,19,31-49,0.08775531500577927,24,26,24-49,0.3270460367202759
unaligned,distilbert,附件3_未对齐版本_21.pkl,附件3_未对齐版本_21,tokenized_raw_text,Neutral,0.41975268721580505,0.045198287814855576,0.5289173722267151,0.4258844256401062,11,0,,0.49746522307395935,7,43,7-49,0.21957916021347046,6,44,6-49,0.2829556167125702
unaligned,distilbert,附件3_未对齐版本_22.pkl,附件3_未对齐版本_22,tokenized_raw_text,Negative,-0.2511526048183441,0.6276931762695312,0.15056775510311127,0.2217390537261963,19,0,,0.48308873176574707,9,41,9-49,0.2144082933664322,5,45,5-49,0.30250290036201477
unaligned,distilbert,附件3_未对齐版本_23.pkl,附件3_未对齐版本_23,tokenized_raw_text,Positive,0.8466352820396423,0.02544020675122738,0.20849135518074036,0.7660684585571289,15,0,,0.5585155487060547,8,42,8-49,0.19321942329406738,6,44,6-49,0.24826502799987793
unaligned,distilbert,附件3_未对齐版本_24.pkl,附件3_未对齐版本_24,tokenized_raw_text,Positive,0.6334541440010071,0.1848047375679016,0.17506396770477295,0.6401312947273254,10,0,,0.5228109359741211,7,43,7-49,0.21966136991977692,5,45,5-49,0.257527619600296
unaligned,distilbert,附件3_未对齐版本_25.pkl,附件3_未对齐版本_25,tokenized_raw_text,Neutral,0.07937045395374298,0.09739433228969574,0.7008819580078125,0.20172378420829773,11,0,,0.47620898485183716,6,44,6-49,0.23464509844779968,4,46,4-49,0.28914588689804077
unaligned,distilbert,附件3_未对齐版本_26.pkl,附件3_未对齐版本_26,tokenized_raw_text,Positive,0.5074777603149414,0.05254381150007248,0.431831419467926,0.5156247615814209,24,0,,0.5391253232955933,19,31,19-49,0.1765764206647873,15,35,15-49,0.28429824113845825
unaligned,distilbert,附件3_未对齐版本_27.pkl,附件3_未对齐版本_27,tokenized_raw_text,Positive,0.7996106743812561,0.028165334835648537,0.2263537049293518,0.7454809546470642,23,0,,0.6000997424125671,19,31,19-49,0.1353607177734375,14,36,14-49,0.26453956961631775
unaligned,distilbert,附件3_未对齐版本_28.pkl,附件3_未对齐版本_28,tokenized_raw_text,Neutral,0.4184361398220062,0.04105278104543686,0.5518167614936829,0.40713047981262207,35,0,,0.5301720499992371,18,32,18-49,0.17698387801647186,14,36,14-49,0.29284411668777466
unaligned,distilbert,附件3_未对齐版本_29.pkl,附件3_未对齐版本_29,tokenized_raw_text,Positive,1.210315227508545,0.023293590173125267,0.08001573383808136,0.8966907262802124,20,0,,0.5887250900268555,9,41,9-49,0.17073091864585876,7,43,7-49,0.24054396152496338
unaligned,distilbert,附件3_未对齐版本_30.pkl,附件3_未对齐版本_30,tokenized_raw_text,Neutral,0.218000590801239,0.08098846673965454,0.6393828392028809,0.2796286642551422,26,0,,0.49439194798469543,13,37,13-49,0.22699415683746338,8,42,8-49,0.2786139249801636
