sample_id,video_id,clip_id,modality,source_file,duration_s,valid_duration_s,feature_shape,feature_dim,num_bins,bin_width_s,valid_bins,padding_rule,extractor,source_sha256
-3g5yACwYnA$_$13,-3g5yACwYnA,13,text,附件1-数据集原始多模态样本\MOSEI数据集部分原始视频-100条\-3g5yACwYnA\13.mp4,5.513997,5.513997,50x768,768,50,0.110280,50,zero vector with text_mask=0,distilbert-base-uncased; mean of last 4 hidden layers; overlap-weighted pooling,aeb47627f59dce3d0a85a44ef35e4a3bc18211498e98c8c11cf60269646df24f
-3g5yACwYnA$_$13,-3g5yACwYnA,13,audio,附件1-数据集原始多模态样本\MOSEI数据集部分原始视频-100条\-3g5yACwYnA\13.mp4,5.513997,5.399125,50x74,74,50,0.110280,49,zero vector with audio_mask=0,16 kHz mono; MFCC/chroma/spectral/pitch/energy statistics,aeb47627f59dce3d0a85a44ef35e4a3bc18211498e98c8c11cf60269646df24f
-3g5yACwYnA$_$13,-3g5yACwYnA,13,vision,附件1-数据集原始多模态样本\MOSEI数据集部分原始视频-100条\-3g5yACwYnA\13.mp4,5.513997,5.513997,50x35,35,50,0.110280,50,nearest center frame; zero vector with vision_mask=0,OpenCV face/appearance/texture/optical-flow descriptors,aeb47627f59dce3d0a85a44ef35e4a3bc18211498e98c8c11cf60269646df24f
-3g5yACwYnA$_$3,-3g5yACwYnA,3,text,附件1-数据集原始多模态样本\MOSEI数据集部分原始视频-100条\-3g5yACwYnA\3.mp4,14.388997,14.388997,50x768,768,50,0.287780,50,zero vector with text_mask=0,distilbert-base-uncased; mean of last 4 hidden layers; overlap-weighted pooling,eff8cfefba2425155f2b72656829b34b23be8bfe1dcbece384154f56818aa26d
-3g5yACwYnA$_$3,-3g5yACwYnA,3,audio,附件1-数据集原始多模态样本\MOSEI数据集部分原始视频-100条\-3g5yACwYnA\3.mp4,14.388997,14.327875,50x74,74,50,0.287780,50,zero vector with audio_mask=0,16 kHz mono; MFCC/chroma/spectral/pitch/energy statistics,eff8cfefba2425155f2b72656829b34b23be8bfe1dcbece384154f56818aa26d
-3g5yACwYnA$_$3,-3g5yACwYnA,3,vision,附件1-数据集原始多模态样本\MOSEI数据集部分原始视频-100条\-3g5yACwYnA\3.mp4,14.388997,14.388997,50x35,35,50,0.287780,50,nearest center frame; zero vector with vision_mask=0,OpenCV face/appearance/texture/optical-flow descriptors,eff8cfefba2425155f2b72656829b34b23be8bfe1dcbece384154f56818aa26d
-3g5yACwYnA$_$2,-3g5yACwYnA,2,text,附件1-数据集原始多模态样本\MOSEI数据集部分原始视频-100条\-3g5yACwYnA\2.mp4,9.394010,9.394010,50x768,768,50,0.187880,50,zero vector with text_mask=0,distilbert-base-uncased; mean of last 4 hidden layers; overlap-weighted pooling,0619c01f137d017c15c058176f18a575919189c7e81ebd2bfb993afdb86f3de7
-3g5yACwYnA$_$2,-3g5yACwYnA,2,audio,附件1-数据集原始多模态样本\MOSEI数据集部分原始视频-100条\-3g5yACwYnA\2.mp4,9.394010,9.231312,50x74,74,50,0.187880,50,zero vector with audio_mask=0,16 kHz mono; MFCC/chroma/spectral/pitch/energy statistics,0619c01f137d017c15c058176f18a575919189c7e81ebd2bfb993afdb86f3de7
-3g5yACwYnA$_$2,-3g5yACwYnA,2,vision,附件1-数据集原始多模态样本\MOSEI数据集部分原始视频-100条\-3g5yACwYnA\2.mp4,9.394010,9.394010,50x35,35,50,0.187880,50,nearest center frame; zero vector with vision_mask=0,OpenCV face/appearance/texture/optical-flow descriptors,0619c01f137d017c15c058176f18a575919189c7e81ebd2bfb993afdb86f3de7
-3g5yACwYnA$_$9,-3g5yACwYnA,9,text,附件1-数据集原始多模态样本\MOSEI数据集部分原始视频-100条\-3g5yACwYnA\9.mp4,8.816992,8.816992,50x768,768,50,0.176340,50,zero vector with text_mask=0,distilbert-base-uncased; mean of last 4 hidden layers; overlap-weighted pooling,b962573b12ed1f06d5533f6427c80dce2bae3a99dd332f6d3fcb32c579f3f016
-3g5yACwYnA$_$9,-3g5yACwYnA,9,audio,附件1-数据集原始多模态样本\MOSEI数据集部分原始视频-100条\-3g5yACwYnA\9.mp4,8.816992,8.696125,50x74,74,50,0.176340,50,zero vector with audio_mask=0,16 kHz mono; MFCC/chroma/spectral/pitch/energy statistics,b962573b12ed1f06d5533f6427c80dce2bae3a99dd332f6d3fcb32c579f3f016
-3g5yACwYnA$_$9,-3g5yACwYnA,9,vision,附件1-数据集原始多模态样本\MOSEI数据集部分原始视频-100条\-3g5yACwYnA\9.mp4,8.816992,8.816992,50x35,35,50,0.176340,50,nearest center frame; zero vector with vision_mask=0,OpenCV face/appearance/texture/optical-flow descriptors,b962573b12ed1f06d5533f6427c80dce2bae3a99dd332f6d3fcb32c579f3f016
-3nNcZdcdvU$_$5,-3nNcZdcdvU,5,text,附件1-数据集原始多模态样本\MOSEI数据集部分原始视频-100条\-3nNcZdcdvU\5.mp4,7.867969,7.867969,50x768,768,50,0.157359,50,zero vector with text_mask=0,distilbert-base-uncased; mean of last 4 hidden layers; overlap-weighted pooling,7ea53ad502b77be7d2ee4494dc23a9478c897792203cf887d546e83d584c1728
-3nNcZdcdvU$_$5,-3nNcZdcdvU,5,audio,附件1-数据集原始多模态样本\MOSEI数据集部分原始视频-100条\-3nNcZdcdvU\5.mp4,7.867969,7.788563,50x74,74,50,0.157359,50,zero vector with audio_mask=0,16 kHz mono; MFCC/chroma/spectral/pitch/energy statistics,7ea53ad502b77be7d2ee4494dc23a9478c897792203cf887d546e83d584c1728
-3nNcZdcdvU$_$5,-3nNcZdcdvU,5,vision,附件1-数据集原始多模态样本\MOSEI数据集部分原始视频-100条\-3nNcZdcdvU\5.mp4,7.867969,7.867969,50x35,35,50,0.157359,50,nearest center frame; zero vector with vision_mask=0,OpenCV face/appearance/texture/optical-flow descriptors,7ea53ad502b77be7d2ee4494dc23a9478c897792203cf887d546e83d584c1728
-HwX2H8Z4hY$_$2,-HwX2H8Z4hY,2,text,附件1-数据集原始多模态样本\MOSEI数据集部分原始视频-100条\-HwX2H8Z4hY\2.mp4,3.982031,3.982031,50x768,768,50,0.079641,50,zero vector with text_mask=0,distilbert-base-uncased; mean of last 4 hidden layers; overlap-weighted pooling,920a1052c09ebd1eedba6dd1ccfecd80f56f6f0fdcdd1f6dd32b0d90bcb89358
-HwX2H8Z4hY$_$2,-HwX2H8Z4hY,2,audio,附件1-数据集原始多模态样本\MOSEI数据集部分原始视频-100条\-HwX2H8Z4hY\2.mp4,3.982031,3.915812,50x74,74,50,0.079641,50,zero vector with audio_mask=0,16 kHz mono; MFCC/chroma/spectral/pitch/energy statistics,920a1052c09ebd1eedba6dd1ccfecd80f56f6f0fdcdd1f6dd32b0d90bcb89358
-HwX2H8Z4hY$_$2,-HwX2H8Z4hY,2,vision,附件1-数据集原始多模态样本\MOSEI数据集部分原始视频-100条\-HwX2H8Z4hY\2.mp4,3.982031,3.982031,50x35,35,50,0.079641,50,nearest center frame; zero vector with vision_mask=0,OpenCV face/appearance/texture/optical-flow descriptors,920a1052c09ebd1eedba6dd1ccfecd80f56f6f0fdcdd1f6dd32b0d90bcb89358
-HwX2H8Z4hY$_$5,-HwX2H8Z4hY,5,text,附件1-数据集原始多模态样本\MOSEI数据集部分原始视频-100条\-HwX2H8Z4hY\5.mp4,5.652995,5.652995,50x768,768,50,0.113060,50,zero vector with text_mask=0,distilbert-base-uncased; mean of last 4 hidden layers; overlap-weighted pooling,8d61b7f5840a8bd403d9bc6c3cd49029ffc4e304cf9c7834735c1a6bb5fd369d
-HwX2H8Z4hY$_$5,-HwX2H8Z4hY,5,audio,附件1-数据集原始多模态样本\MOSEI数据集部分原始视频-100条\-HwX2H8Z4hY\5.mp4,5.652995,5.544062,50x74,74,50,0.113060,50,zero vector with audio_mask=0,16 kHz mono; MFCC/chroma/spectral/pitch/energy statistics,8d61b7f5840a8bd403d9bc6c3cd49029ffc4e304cf9c7834735c1a6bb5fd369d
-HwX2H8Z4hY$_$5,-HwX2H8Z4hY,5,vision,附件1-数据集原始多模态样本\MOSEI数据集部分原始视频-100条\-HwX2H8Z4hY\5.mp4,5.652995,5.652995,50x35,35,50,0.113060,50,nearest center frame; zero vector with vision_mask=0,OpenCV face/appearance/texture/optical-flow descriptors,8d61b7f5840a8bd403d9bc6c3cd49029ffc4e304cf9c7834735c1a6bb5fd369d
-HwX2H8Z4hY$_$6,-HwX2H8Z4hY,6,text,附件1-数据集原始多模态样本\MOSEI数据集部分原始视频-100条\-HwX2H8Z4hY\6.mp4,3.358008,3.358008,50x768,768,50,0.067160,50,zero vector with text_mask=0,distilbert-base-uncased; mean of last 4 hidden layers; overlap-weighted pooling,696576dcbd0dc42cb678fa40d8a0f0f419a3072bfa7662d653756ab29bba4c46
-HwX2H8Z4hY$_$6,-HwX2H8Z4hY,6,audio,附件1-数据集原始多模态样本\MOSEI数据集部分原始视频-100条\-HwX2H8Z4hY\6.mp4,3.358008,3.256000,50x74,74,50,0.067160,49,zero vector with audio_mask=0,16 kHz mono; MFCC/chroma/spectral/pitch/energy statistics,696576dcbd0dc42cb678fa40d8a0f0f419a3072bfa7662d653756ab29bba4c46
-HwX2H8Z4hY$_$6,-HwX2H8Z4hY,6,vision,附件1-数据集原始多模态样本\MOSEI数据集部分原始视频-100条\-HwX2H8Z4hY\6.mp4,3.358008,3.358008,50x35,35,50,0.067160,50,nearest center frame; zero vector with vision_mask=0,OpenCV face/appearance/texture/optical-flow descriptors,696576dcbd0dc42cb678fa40d8a0f0f419a3072bfa7662d653756ab29bba4c46
-HwX2H8Z4hY$_$9,-HwX2H8Z4hY,9,text,附件1-数据集原始多模态样本\MOSEI数据集部分原始视频-100条\-HwX2H8Z4hY\9.mp4,7.733984,7.733984,50x768,768,50,0.154680,50,zero vector with text_mask=0,distilbert-base-uncased; mean of last 4 hidden layers; overlap-weighted pooling,90c18e627f27a12c14e21ba24c79edf3008762b4ac26874b490ad3f888381702
-HwX2H8Z4hY$_$9,-HwX2H8Z4hY,9,audio,附件1-数据集原始多模态样本\MOSEI数据集部分原始视频-100条\-HwX2H8Z4hY\9.mp4,7.733984,7.636312,50x74,74,50,0.154680,50,zero vector with audio_mask=0,16 kHz mono; MFCC/chroma/spectral/pitch/energy statistics,90c18e627f27a12c14e21ba24c79edf3008762b4ac26874b490ad3f888381702
-HwX2H8Z4hY$_$9,-HwX2H8Z4hY,9,vision,附件1-数据集原始多模态样本\MOSEI数据集部分原始视频-100条\-HwX2H8Z4hY\9.mp4,7.733984,7.733984,50x35,35,50,0.154680,50,nearest center frame; zero vector with vision_mask=0,OpenCV face/appearance/texture/optical-flow descriptors,90c18e627f27a12c14e21ba24c79edf3008762b4ac26874b490ad3f888381702
-NFrJFQijFE$_$1,-NFrJFQijFE,1,text,附件1-数据集原始多模态样本\MOSEI数据集部分原始视频-100条\-NFrJFQijFE\1.mp4,5.746000,5.746000,50x768,768,50,0.114920,50,zero vector with text_mask=0,distilbert-base-uncased; mean of last 4 hidden layers; overlap-weighted pooling,d8fcf16c6eb51c56947ec3d0549c6f3bc7a0cf1fc5f5d89e8b38d4249a08db4f
-NFrJFQijFE$_$1,-NFrJFQijFE,1,audio,附件1-数据集原始多模态样本\MOSEI数据集部分原始视频-100条\-NFrJFQijFE\1.mp4,5.746000,5.658875,50x74,74,50,0.114920,50,zero vector with audio_mask=0,16 kHz mono; MFCC/chroma/spectral/pitch/energy statistics,d8fcf16c6eb51c56947ec3d0549c6f3bc7a0cf1fc5f5d89e8b38d4249a08db4f
-NFrJFQijFE$_$1,-NFrJFQijFE,1,vision,附件1-数据集原始多模态样本\MOSEI数据集部分原始视频-100条\-NFrJFQijFE\1.mp4,5.746000,5.746000,50x35,35,50,0.114920,50,nearest center frame; zero vector with vision_mask=0,OpenCV face/appearance/texture/optical-flow descriptors,d8fcf16c6eb51c56947ec3d0549c6f3bc7a0cf1fc5f5d89e8b38d4249a08db4f
-NFrJFQijFE$_$2,-NFrJFQijFE,2,text,附件1-数据集原始多模态样本\MOSEI数据集部分原始视频-100条\-NFrJFQijFE\2.mp4,6.856000,6.856000,50x768,768,50,0.137120,50,zero vector with text_mask=0,distilbert-base-uncased; mean of last 4 hidden layers; overlap-weighted pooling,a54a5c144a64f5abd26b19aafa6cea8142ee08e9385fa508fa70c934f6b616c1
-NFrJFQijFE$_$2,-NFrJFQijFE,2,audio,附件1-数据集原始多模态样本\MOSEI数据集部分原始视频-100条\-NFrJFQijFE\2.mp4,6.856000,6.698313,50x74,74,50,0.137120,49,zero vector with audio_mask=0,16 kHz mono; MFCC/chroma/spectral/pitch/energy statistics,a54a5c144a64f5abd26b19aafa6cea8142ee08e9385fa508fa70c934f6b616c1
-NFrJFQijFE$_$2,-NFrJFQijFE,2,vision,附件1-数据集原始多模态样本\MOSEI数据集部分原始视频-100条\-NFrJFQijFE\2.mp4,6.856000,6.856000,50x35,35,50,0.137120,50,nearest center frame; zero vector with vision_mask=0,OpenCV face/appearance/texture/optical-flow descriptors,a54a5c144a64f5abd26b19aafa6cea8142ee08e9385fa508fa70c934f6b616c1
-THoVjtIkeU$_$12,-THoVjtIkeU,12,text,附件1-数据集原始多模态样本\MOSEI数据集部分原始视频-100条\-THoVjtIkeU\12.mp4,14.896029,14.896029,50x768,768,50,0.297921,50,zero vector with text_mask=0,distilbert-base-uncased; mean of last 4 hidden layers; overlap-weighted pooling,e2f148f4f2e74724dc13b3ce870a0ce6a06740cfc224f5a9b3d0a870b196e7d4
-THoVjtIkeU$_$12,-THoVjtIkeU,12,audio,附件1-数据集原始多模态样本\MOSEI数据集部分原始视频-100条\-THoVjtIkeU\12.mp4,14.896029,14.805563,50x74,74,50,0.297921,50,zero vector with audio_mask=0,16 kHz mono; MFCC/chroma/spectral/pitch/energy statistics,e2f148f4f2e74724dc13b3ce870a0ce6a06740cfc224f5a9b3d0a870b196e7d4
-THoVjtIkeU$_$12,-THoVjtIkeU,12,vision,附件1-数据集原始多模态样本\MOSEI数据集部分原始视频-100条\-THoVjtIkeU\12.mp4,14.896029,14.896029,50x35,35,50,0.297921,50,nearest center frame; zero vector with vision_mask=0,OpenCV face/appearance/texture/optical-flow descriptors,e2f148f4f2e74724dc13b3ce870a0ce6a06740cfc224f5a9b3d0a870b196e7d4
-THoVjtIkeU$_$2,-THoVjtIkeU,2,text,附件1-数据集原始多模态样本\MOSEI数据集部分原始视频-100条\-THoVjtIkeU\2.mp4,4.291992,4.291992,50x768,768,50,0.085840,50,zero vector with text_mask=0,distilbert-base-uncased; mean of last 4 hidden layers; overlap-weighted pooling,35a6c2464ffd68dd96411edb5dc2763f0efb59f264c1d8b737e616fa6b0d1d5b
-THoVjtIkeU$_$2,-THoVjtIkeU,2,audio,附件1-数据集原始多模态样本\MOSEI数据集部分原始视频-100条\-THoVjtIkeU\2.mp4,4.291992,4.230875,50x74,74,50,0.085840,50,zero vector with audio_mask=0,16 kHz mono; MFCC/chroma/spectral/pitch/energy statistics,35a6c2464ffd68dd96411edb5dc2763f0efb59f264c1d8b737e616fa6b0d1d5b
-THoVjtIkeU$_$2,-THoVjtIkeU,2,vision,附件1-数据集原始多模态样本\MOSEI数据集部分原始视频-100条\-THoVjtIkeU\2.mp4,4.291992,4.291992,50x35,35,50,0.085840,50,nearest center frame; zero vector with vision_mask=0,OpenCV face/appearance/texture/optical-flow descriptors,35a6c2464ffd68dd96411edb5dc2763f0efb59f264c1d8b737e616fa6b0d1d5b
-THoVjtIkeU$_$6,-THoVjtIkeU,6,text,附件1-数据集原始多模态样本\MOSEI数据集部分原始视频-100条\-THoVjtIkeU\6.mp4,8.097005,8.097005,50x768,768,50,0.161940,50,zero vector with text_mask=0,distilbert-base-uncased; mean of last 4 hidden layers; overlap-weighted pooling,efaa55ee6394032c867046690a92c29edfd825005f0a090cca5ccb763b227f64
-THoVjtIkeU$_$6,-THoVjtIkeU,6,audio,附件1-数据集原始多模态样本\MOSEI数据集部分原始视频-100条\-THoVjtIkeU\6.mp4,8.097005,7.982875,50x74,74,50,0.161940,50,zero vector with audio_mask=0,16 kHz mono; MFCC/chroma/spectral/pitch/energy statistics,efaa55ee6394032c867046690a92c29edfd825005f0a090cca5ccb763b227f64
-THoVjtIkeU$_$6,-THoVjtIkeU,6,vision,附件1-数据集原始多模态样本\MOSEI数据集部分原始视频-100条\-THoVjtIkeU\6.mp4,8.097005,8.097005,50x35,35,50,0.161940,50,nearest center frame; zero vector with vision_mask=0,OpenCV face/appearance/texture/optical-flow descriptors,efaa55ee6394032c867046690a92c29edfd825005f0a090cca5ccb763b227f64
-UuX1xuaiiE$_$1,-UuX1xuaiiE,1,text,附件1-数据集原始多模态样本\MOSEI数据集部分原始视频-100条\-UuX1xuaiiE\1.mp4,10.350000,10.350000,50x768,768,50,0.207000,50,zero vector with text_mask=0,distilbert-base-uncased; mean of last 4 hidden layers; overlap-weighted pooling,d5bbda38fcec15817d2b87bab5dcc559d6d425f7d28a82e6c32d13f14b48650c
-UuX1xuaiiE$_$1,-UuX1xuaiiE,1,audio,附件1-数据集原始多模态样本\MOSEI数据集部分原始视频-100条\-UuX1xuaiiE\1.mp4,10.350000,10.267500,50x74,74,50,0.207000,50,zero vector with audio_mask=0,16 kHz mono; MFCC/chroma/spectral/pitch/energy statistics,d5bbda38fcec15817d2b87bab5dcc559d6d425f7d28a82e6c32d13f14b48650c
-UuX1xuaiiE$_$1,-UuX1xuaiiE,1,vision,附件1-数据集原始多模态样本\MOSEI数据集部分原始视频-100条\-UuX1xuaiiE\1.mp4,10.350000,10.350000,50x35,35,50,0.207000,50,nearest center frame; zero vector with vision_mask=0,OpenCV face/appearance/texture/optical-flow descriptors,d5bbda38fcec15817d2b87bab5dcc559d6d425f7d28a82e6c32d13f14b48650c
-UuX1xuaiiE$_$0,-UuX1xuaiiE,0,text,附件1-数据集原始多模态样本\MOSEI数据集部分原始视频-100条\-UuX1xuaiiE\0.mp4,3.633333,3.633333,50x768,768,50,0.072667,50,zero vector with text_mask=0,distilbert-base-uncased; mean of last 4 hidden layers; overlap-weighted pooling,f578b305d53bc152702f5e771de0fcd12d1e9aaefc5cefce3d2082a417aab7c8
-UuX1xuaiiE$_$0,-UuX1xuaiiE,0,audio,附件1-数据集原始多模态样本\MOSEI数据集部分原始视频-100条\-UuX1xuaiiE\0.mp4,3.633333,3.575875,50x74,74,50,0.072667,50,zero vector with audio_mask=0,16 kHz mono; MFCC/chroma/spectral/pitch/energy statistics,f578b305d53bc152702f5e771de0fcd12d1e9aaefc5cefce3d2082a417aab7c8
-UuX1xuaiiE$_$0,-UuX1xuaiiE,0,vision,附件1-数据集原始多模态样本\MOSEI数据集部分原始视频-100条\-UuX1xuaiiE\0.mp4,3.633333,3.633333,50x35,35,50,0.072667,50,nearest center frame; zero vector with vision_mask=0,OpenCV face/appearance/texture/optical-flow descriptors,f578b305d53bc152702f5e771de0fcd12d1e9aaefc5cefce3d2082a417aab7c8
-UuX1xuaiiE$_$3,-UuX1xuaiiE,3,text,附件1-数据集原始多模态样本\MOSEI数据集部分原始视频-100条\-UuX1xuaiiE\3.mp4,4.130013,4.130013,50x768,768,50,0.082600,50,zero vector with text_mask=0,distilbert-base-uncased; mean of last 4 hidden layers; overlap-weighted pooling,eddb408f25bdc13e6de2fb74caeed709cb7a8f00640e7897135330437f66a2aa
-UuX1xuaiiE$_$3,-UuX1xuaiiE,3,audio,附件1-数据集原始多模态样本\MOSEI数据集部分原始视频-100条\-UuX1xuaiiE\3.mp4,4.130013,4.038375,50x74,74,50,0.082600,49,zero vector with audio_mask=0,16 kHz mono; MFCC/chroma/spectral/pitch/energy statistics,eddb408f25bdc13e6de2fb74caeed709cb7a8f00640e7897135330437f66a2aa
-UuX1xuaiiE$_$3,-UuX1xuaiiE,3,vision,附件1-数据集原始多模态样本\MOSEI数据集部分原始视频-100条\-UuX1xuaiiE\3.mp4,4.130013,4.130013,50x35,35,50,0.082600,50,nearest center frame; zero vector with vision_mask=0,OpenCV face/appearance/texture/optical-flow descriptors,eddb408f25bdc13e6de2fb74caeed709cb7a8f00640e7897135330437f66a2aa
-UuX1xuaiiE$_$6,-UuX1xuaiiE,6,text,附件1-数据集原始多模态样本\MOSEI数据集部分原始视频-100条\-UuX1xuaiiE\6.mp4,8.113997,8.113997,50x768,768,50,0.162280,50,zero vector with text_mask=0,distilbert-base-uncased; mean of last 4 hidden layers; overlap-weighted pooling,f0131ac00e44410fbd32c547a0d421c2791172434fc0203bb969abe14a530532
-UuX1xuaiiE$_$6,-UuX1xuaiiE,6,audio,附件1-数据集原始多模态样本\MOSEI数据集部分原始视频-100条\-UuX1xuaiiE\6.mp4,8.113997,7.943812,50x74,74,50,0.162280,49,zero vector with audio_mask=0,16 kHz mono; MFCC/chroma/spectral/pitch/energy statistics,f0131ac00e44410fbd32c547a0d421c2791172434fc0203bb969abe14a530532
-UuX1xuaiiE$_$6,-UuX1xuaiiE,6,vision,附件1-数据集原始多模态样本\MOSEI数据集部分原始视频-100条\-UuX1xuaiiE\6.mp4,8.113997,8.113997,50x35,35,50,0.162280,50,nearest center frame; zero vector with vision_mask=0,OpenCV face/appearance/texture/optical-flow descriptors,f0131ac00e44410fbd32c547a0d421c2791172434fc0203bb969abe14a530532
-a55Q6RWvTA$_$3,-a55Q6RWvTA,3,text,附件1-数据集原始多模态样本\MOSEI数据集部分原始视频-100条\-a55Q6RWvTA\3.mp4,22.153971,22.153971,50x768,768,50,0.443079,50,zero vector with text_mask=0,distilbert-base-uncased; mean of last 4 hidden layers; overlap-weighted pooling,15d029fc15f50b268b98f1e8abc65e45582e638c13a018d7aa74a18373275946
-a55Q6RWvTA$_$3,-a55Q6RWvTA,3,audio,附件1-数据集原始多模态样本\MOSEI数据集部分原始视频-100条\-a55Q6RWvTA\3.mp4,22.153971,22.083313,50x74,74,50,0.443079,50,zero vector with audio_mask=0,16 kHz mono; MFCC/chroma/spectral/pitch/energy statistics,15d029fc15f50b268b98f1e8abc65e45582e638c13a018d7aa74a18373275946
-a55Q6RWvTA$_$3,-a55Q6RWvTA,3,vision,附件1-数据集原始多模态样本\MOSEI数据集部分原始视频-100条\-a55Q6RWvTA\3.mp4,22.153971,22.153971,50x35,35,50,0.443079,50,nearest center frame; zero vector with vision_mask=0,OpenCV face/appearance/texture/optical-flow descriptors,15d029fc15f50b268b98f1e8abc65e45582e638c13a018d7aa74a18373275946
-aNfi7CP8vM$_$7,-aNfi7CP8vM,7,text,附件1-数据集原始多模态样本\MOSEI数据集部分原始视频-100条\-aNfi7CP8vM\7.mp4,8.694987,8.694987,50x768,768,50,0.173900,50,zero vector with text_mask=0,distilbert-base-uncased; mean of last 4 hidden layers; overlap-weighted pooling,0b6389f45bb966113c65a11998c6e7facdd24c8c42acf2e8cf32e0f2139402e1
-aNfi7CP8vM$_$7,-aNfi7CP8vM,7,audio,附件1-数据集原始多模态样本\MOSEI数据集部分原始视频-100条\-aNfi7CP8vM\7.mp4,8.694987,8.537688,50x74,74,50,0.173900,50,zero vector with audio_mask=0,16 kHz mono; MFCC/chroma/spectral/pitch/energy statistics,0b6389f45bb966113c65a11998c6e7facdd24c8c42acf2e8cf32e0f2139402e1
-aNfi7CP8vM$_$7,-aNfi7CP8vM,7,vision,附件1-数据集原始多模态样本\MOSEI数据集部分原始视频-100条\-aNfi7CP8vM\7.mp4,8.694987,8.694987,50x35,35,50,0.173900,50,nearest center frame; zero vector with vision_mask=0,OpenCV face/appearance/texture/optical-flow descriptors,0b6389f45bb966113c65a11998c6e7facdd24c8c42acf2e8cf32e0f2139402e1
-aqamKhZ1Ec$_$0,-aqamKhZ1Ec,0,text,附件1-数据集原始多模态样本\MOSEI数据集部分原始视频-100条\-aqamKhZ1Ec\0.mp4,10.966667,10.966667,50x768,768,50,0.219333,50,zero vector with text_mask=0,distilbert-base-uncased; mean of last 4 hidden layers; overlap-weighted pooling,6f6e674bbba4353399e9e7825217f37e6d8ca1adf9675f33cf37106f31c55548
-aqamKhZ1Ec$_$0,-aqamKhZ1Ec,0,audio,附件1-数据集原始多模态样本\MOSEI数据集部分原始视频-100条\-aqamKhZ1Ec\0.mp4,10.966667,10.890187,50x74,74,50,0.219333,50,zero vector with audio_mask=0,16 kHz mono; MFCC/chroma/spectral/pitch/energy statistics,6f6e674bbba4353399e9e7825217f37e6d8ca1adf9675f33cf37106f31c55548
-aqamKhZ1Ec$_$0,-aqamKhZ1Ec,0,vision,附件1-数据集原始多模态样本\MOSEI数据集部分原始视频-100条\-aqamKhZ1Ec\0.mp4,10.966667,10.966667,50x35,35,50,0.219333,50,nearest center frame; zero vector with vision_mask=0,OpenCV face/appearance/texture/optical-flow descriptors,6f6e674bbba4353399e9e7825217f37e6d8ca1adf9675f33cf37106f31c55548
-dxfTGcXJoc$_$1,-dxfTGcXJoc,1,text,附件1-数据集原始多模态样本\MOSEI数据集部分原始视频-100条\-dxfTGcXJoc\1.mp4,16.161003,16.161003,50x768,768,50,0.323220,50,zero vector with text_mask=0,distilbert-base-uncased; mean of last 4 hidden layers; overlap-weighted pooling,b5ffdc98a4a98b8f0aae55dee5fed66a43bcb129f47a250a004c1cc74e572595
-dxfTGcXJoc$_$1,-dxfTGcXJoc,1,audio,附件1-数据集原始多模态样本\MOSEI数据集部分原始视频-100条\-dxfTGcXJoc\1.mp4,16.161003,16.018125,50x74,74,50,0.323220,50,zero vector with audio_mask=0,16 kHz mono; MFCC/chroma/spectral/pitch/energy statistics,b5ffdc98a4a98b8f0aae55dee5fed66a43bcb129f47a250a004c1cc74e572595
-dxfTGcXJoc$_$1,-dxfTGcXJoc,1,vision,附件1-数据集原始多模态样本\MOSEI数据集部分原始视频-100条\-dxfTGcXJoc\1.mp4,16.161003,16.161003,50x35,35,50,0.323220,50,nearest center frame; zero vector with vision_mask=0,OpenCV face/appearance/texture/optical-flow descriptors,b5ffdc98a4a98b8f0aae55dee5fed66a43bcb129f47a250a004c1cc74e572595
-dxfTGcXJoc$_$0,-dxfTGcXJoc,0,text,附件1-数据集原始多模态样本\MOSEI数据集部分原始视频-100条\-dxfTGcXJoc\0.mp4,20.500000,20.500000,50x768,768,50,0.410000,50,zero vector with text_mask=0,distilbert-base-uncased; mean of last 4 hidden layers; overlap-weighted pooling,04bd0be907fb46c613f926fe1b06bc2c3b30881c293156510baa34a4105ade55
-dxfTGcXJoc$_$0,-dxfTGcXJoc,0,audio,附件1-数据集原始多模态样本\MOSEI数据集部分原始视频-100条\-dxfTGcXJoc\0.mp4,20.500000,20.410375,50x74,74,50,0.410000,50,zero vector with audio_mask=0,16 kHz mono; MFCC/chroma/spectral/pitch/energy statistics,04bd0be907fb46c613f926fe1b06bc2c3b30881c293156510baa34a4105ade55
-dxfTGcXJoc$_$0,-dxfTGcXJoc,0,vision,附件1-数据集原始多模态样本\MOSEI数据集部分原始视频-100条\-dxfTGcXJoc\0.mp4,20.500000,20.500000,50x35,35,50,0.410000,50,nearest center frame; zero vector with vision_mask=0,OpenCV face/appearance/texture/optical-flow descriptors,04bd0be907fb46c613f926fe1b06bc2c3b30881c293156510baa34a4105ade55
-dxfTGcXJoc$_$2,-dxfTGcXJoc,2,text,附件1-数据集原始多模态样本\MOSEI数据集部分原始视频-100条\-dxfTGcXJoc\2.mp4,16.697982,16.697982,50x768,768,50,0.333960,50,zero vector with text_mask=0,distilbert-base-uncased; mean of last 4 hidden layers; overlap-weighted pooling,46a5e523b5dd00364c99a3bcbc6fae4c80e1382a84b5b5e681c46eb074ed10f7
-dxfTGcXJoc$_$2,-dxfTGcXJoc,2,audio,附件1-数据集原始多模态样本\MOSEI数据集部分原始视频-100条\-dxfTGcXJoc\2.mp4,16.697982,16.633187,50x74,74,50,0.333960,50,zero vector with audio_mask=0,16 kHz mono; MFCC/chroma/spectral/pitch/energy statistics,46a5e523b5dd00364c99a3bcbc6fae4c80e1382a84b5b5e681c46eb074ed10f7
-dxfTGcXJoc$_$2,-dxfTGcXJoc,2,vision,附件1-数据集原始多模态样本\MOSEI数据集部分原始视频-100条\-dxfTGcXJoc\2.mp4,16.697982,16.697982,50x35,35,50,0.333960,50,nearest center frame; zero vector with vision_mask=0,OpenCV face/appearance/texture/optical-flow descriptors,46a5e523b5dd00364c99a3bcbc6fae4c80e1382a84b5b5e681c46eb074ed10f7
-dxfTGcXJoc$_$6,-dxfTGcXJoc,6,text,附件1-数据集原始多模态样本\MOSEI数据集部分原始视频-100条\-dxfTGcXJoc\6.mp4,12.735026,12.735026,50x768,768,50,0.254701,50,zero vector with text_mask=0,distilbert-base-uncased; mean of last 4 hidden layers; overlap-weighted pooling,55c1ff86729ab21da743a5107ed07b220e41b4193cd1c0ba9f009e65c3ab0513
-dxfTGcXJoc$_$6,-dxfTGcXJoc,6,audio,附件1-数据集原始多模态样本\MOSEI数据集部分原始视频-100条\-dxfTGcXJoc\6.mp4,12.735026,12.628438,50x74,74,50,0.254701,50,zero vector with audio_mask=0,16 kHz mono; MFCC/chroma/spectral/pitch/energy statistics,55c1ff86729ab21da743a5107ed07b220e41b4193cd1c0ba9f009e65c3ab0513
-dxfTGcXJoc$_$6,-dxfTGcXJoc,6,vision,附件1-数据集原始多模态样本\MOSEI数据集部分原始视频-100条\-dxfTGcXJoc\6.mp4,12.735026,12.735026,50x35,35,50,0.254701,50,nearest center frame; zero vector with vision_mask=0,OpenCV face/appearance/texture/optical-flow descriptors,55c1ff86729ab21da743a5107ed07b220e41b4193cd1c0ba9f009e65c3ab0513
-egA8-b7-3M$_$26,-egA8-b7-3M,26,text,附件1-数据集原始多模态样本\MOSEI数据集部分原始视频-100条\-egA8-b7-3M\26.mp4,6.030990,6.030990,50x768,768,50,0.120620,50,zero vector with text_mask=0,distilbert-base-uncased; mean of last 4 hidden layers; overlap-weighted pooling,11f78aed680ea9c5862a15e04ff6c1f8776c46d29c98b68d28773ff39d959685
-egA8-b7-3M$_$26,-egA8-b7-3M,26,audio,附件1-数据集原始多模态样本\MOSEI数据集部分原始视频-100条\-egA8-b7-3M\26.mp4,6.030990,5.920562,50x74,74,50,0.120620,50,zero vector with audio_mask=0,16 kHz mono; MFCC/chroma/spectral/pitch/energy statistics,11f78aed680ea9c5862a15e04ff6c1f8776c46d29c98b68d28773ff39d959685
-egA8-b7-3M$_$26,-egA8-b7-3M,26,vision,附件1-数据集原始多模态样本\MOSEI数据集部分原始视频-100条\-egA8-b7-3M\26.mp4,6.030990,6.030990,50x35,35,50,0.120620,50,nearest center frame; zero vector with vision_mask=0,OpenCV face/appearance/texture/optical-flow descriptors,11f78aed680ea9c5862a15e04ff6c1f8776c46d29c98b68d28773ff39d959685
-egA8-b7-3M$_$17,-egA8-b7-3M,17,text,附件1-数据集原始多模态样本\MOSEI数据集部分原始视频-100条\-egA8-b7-3M\17.mp4,7.271029,7.271029,50x768,768,50,0.145421,50,zero vector with text_mask=0,distilbert-base-uncased; mean of last 4 hidden layers; overlap-weighted pooling,f967e81e0edd51c3700671721afb3fbecbbc32652f27d2db40ea444e8d80c68f
-egA8-b7-3M$_$17,-egA8-b7-3M,17,audio,附件1-数据集原始多模态样本\MOSEI数据集部分原始视频-100条\-egA8-b7-3M\17.mp4,7.271029,7.095250,50x74,74,50,0.145421,49,zero vector with audio_mask=0,16 kHz mono; MFCC/chroma/spectral/pitch/energy statistics,f967e81e0edd51c3700671721afb3fbecbbc32652f27d2db40ea444e8d80c68f
-egA8-b7-3M$_$17,-egA8-b7-3M,17,vision,附件1-数据集原始多模态样本\MOSEI数据集部分原始视频-100条\-egA8-b7-3M\17.mp4,7.271029,7.271029,50x35,35,50,0.145421,50,nearest center frame; zero vector with vision_mask=0,OpenCV face/appearance/texture/optical-flow descriptors,f967e81e0edd51c3700671721afb3fbecbbc32652f27d2db40ea444e8d80c68f
-egA8-b7-3M$_$18,-egA8-b7-3M,18,text,附件1-数据集原始多模态样本\MOSEI数据集部分原始视频-100条\-egA8-b7-3M\18.mp4,8.386003,8.386003,50x768,768,50,0.167720,50,zero vector with text_mask=0,distilbert-base-uncased; mean of last 4 hidden layers; overlap-weighted pooling,fd4bc95a6adfb16a9588b7ed65cc2812186ce3d607804dc76f4486312951ef90
-egA8-b7-3M$_$18,-egA8-b7-3M,18,audio,附件1-数据集原始多模态样本\MOSEI数据集部分原始视频-100条\-egA8-b7-3M\18.mp4,8.386003,8.265688,50x74,74,50,0.167720,50,zero vector with audio_mask=0,16 kHz mono; MFCC/chroma/spectral/pitch/energy statistics,fd4bc95a6adfb16a9588b7ed65cc2812186ce3d607804dc76f4486312951ef90
-egA8-b7-3M$_$18,-egA8-b7-3M,18,vision,附件1-数据集原始多模态样本\MOSEI数据集部分原始视频-100条\-egA8-b7-3M\18.mp4,8.386003,8.386003,50x35,35,50,0.167720,50,nearest center frame; zero vector with vision_mask=0,OpenCV face/appearance/texture/optical-flow descriptors,fd4bc95a6adfb16a9588b7ed65cc2812186ce3d607804dc76f4486312951ef90
-egA8-b7-3M$_$16,-egA8-b7-3M,16,text,附件1-数据集原始多模态样本\MOSEI数据集部分原始视频-100条\-egA8-b7-3M\16.mp4,5.538021,5.538021,50x768,768,50,0.110760,50,zero vector with text_mask=0,distilbert-base-uncased; mean of last 4 hidden layers; overlap-weighted pooling,4c015f85e3bd901ecedde8c0c2ca4a756d9a77dfe4177625c481581f2037ff9c
-egA8-b7-3M$_$16,-egA8-b7-3M,16,audio,附件1-数据集原始多模态样本\MOSEI数据集部分原始视频-100条\-egA8-b7-3M\16.mp4,5.538021,5.483000,50x74,74,50,0.110760,50,zero vector with audio_mask=0,16 kHz mono; MFCC/chroma/spectral/pitch/energy statistics,4c015f85e3bd901ecedde8c0c2ca4a756d9a77dfe4177625c481581f2037ff9c
-egA8-b7-3M$_$16,-egA8-b7-3M,16,vision,附件1-数据集原始多模态样本\MOSEI数据集部分原始视频-100条\-egA8-b7-3M\16.mp4,5.538021,5.538021,50x35,35,50,0.110760,50,nearest center frame; zero vector with vision_mask=0,OpenCV face/appearance/texture/optical-flow descriptors,4c015f85e3bd901ecedde8c0c2ca4a756d9a77dfe4177625c481581f2037ff9c
-egA8-b7-3M$_$13,-egA8-b7-3M,13,text,附件1-数据集原始多模态样本\MOSEI数据集部分原始视频-100条\-egA8-b7-3M\13.mp4,4.183984,4.183984,50x768,768,50,0.083680,50,zero vector with text_mask=0,distilbert-base-uncased; mean of last 4 hidden layers; overlap-weighted pooling,cbd627c225ebca37521ae238cb9ec254cad236822f4f37ebfbb039e6c56aea4c
-egA8-b7-3M$_$13,-egA8-b7-3M,13,audio,附件1-数据集原始多模态样本\MOSEI数据集部分原始视频-100条\-egA8-b7-3M\13.mp4,4.183984,4.023875,50x74,74,50,0.083680,49,zero vector with audio_mask=0,16 kHz mono; MFCC/chroma/spectral/pitch/energy statistics,cbd627c225ebca37521ae238cb9ec254cad236822f4f37ebfbb039e6c56aea4c
-egA8-b7-3M$_$13,-egA8-b7-3M,13,vision,附件1-数据集原始多模态样本\MOSEI数据集部分原始视频-100条\-egA8-b7-3M\13.mp4,4.183984,4.183984,50x35,35,50,0.083680,50,nearest center frame; zero vector with vision_mask=0,OpenCV face/appearance/texture/optical-flow descriptors,cbd627c225ebca37521ae238cb9ec254cad236822f4f37ebfbb039e6c56aea4c
-egA8-b7-3M$_$1,-egA8-b7-3M,1,text,附件1-数据集原始多模态样本\MOSEI数据集部分原始视频-100条\-egA8-b7-3M\1.mp4,10.266016,10.266016,50x768,768,50,0.205320,50,zero vector with text_mask=0,distilbert-base-uncased; mean of last 4 hidden layers; overlap-weighted pooling,589a7989b1b4888568c31614a2d6beefba88fb87289c85b94df2d8051500403b
-egA8-b7-3M$_$1,-egA8-b7-3M,1,audio,附件1-数据集原始多模态样本\MOSEI数据集部分原始视频-100条\-egA8-b7-3M\1.mp4,10.266016,10.156250,50x74,74,50,0.205320,50,zero vector with audio_mask=0,16 kHz mono; MFCC/chroma/spectral/pitch/energy statistics,589a7989b1b4888568c31614a2d6beefba88fb87289c85b94df2d8051500403b
-egA8-b7-3M$_$1,-egA8-b7-3M,1,vision,附件1-数据集原始多模态样本\MOSEI数据集部分原始视频-100条\-egA8-b7-3M\1.mp4,10.266016,10.266016,50x35,35,50,0.205320,50,nearest center frame; zero vector with vision_mask=0,OpenCV face/appearance/texture/optical-flow descriptors,589a7989b1b4888568c31614a2d6beefba88fb87289c85b94df2d8051500403b
-egA8-b7-3M$_$6,-egA8-b7-3M,6,text,附件1-数据集原始多模态样本\MOSEI数据集部分原始视频-100条\-egA8-b7-3M\6.mp4,6.264974,6.264974,50x768,768,50,0.125299,50,zero vector with text_mask=0,distilbert-base-uncased; mean of last 4 hidden layers; overlap-weighted pooling,2e88a00d5e55863aa956b4b0949fc0e4f2975ccfd83b3194957f6fca86ecfce0
-egA8-b7-3M$_$6,-egA8-b7-3M,6,audio,附件1-数据集原始多模态样本\MOSEI数据集部分原始视频-100条\-egA8-b7-3M\6.mp4,6.264974,6.183125,50x74,74,50,0.125299,50,zero vector with audio_mask=0,16 kHz mono; MFCC/chroma/spectral/pitch/energy statistics,2e88a00d5e55863aa956b4b0949fc0e4f2975ccfd83b3194957f6fca86ecfce0
-egA8-b7-3M$_$6,-egA8-b7-3M,6,vision,附件1-数据集原始多模态样本\MOSEI数据集部分原始视频-100条\-egA8-b7-3M\6.mp4,6.264974,6.264974,50x35,35,50,0.125299,50,nearest center frame; zero vector with vision_mask=0,OpenCV face/appearance/texture/optical-flow descriptors,2e88a00d5e55863aa956b4b0949fc0e4f2975ccfd83b3194957f6fca86ecfce0
-egA8-b7-3M$_$9,-egA8-b7-3M,9,text,附件1-数据集原始多模态样本\MOSEI数据集部分原始视频-100条\-egA8-b7-3M\9.mp4,5.089974,5.089974,50x768,768,50,0.101799,50,zero vector with text_mask=0,distilbert-base-uncased; mean of last 4 hidden layers; overlap-weighted pooling,bcd643f328616312eae9b28e6c9aabbe8acaec3e4c4be58daeb45e3eee4d973c
-egA8-b7-3M$_$9,-egA8-b7-3M,9,audio,附件1-数据集原始多模态样本\MOSEI数据集部分原始视频-100条\-egA8-b7-3M\9.mp4,5.089974,4.936125,50x74,74,50,0.101799,49,zero vector with audio_mask=0,16 kHz mono; MFCC/chroma/spectral/pitch/energy statistics,bcd643f328616312eae9b28e6c9aabbe8acaec3e4c4be58daeb45e3eee4d973c
-egA8-b7-3M$_$9,-egA8-b7-3M,9,vision,附件1-数据集原始多模态样本\MOSEI数据集部分原始视频-100条\-egA8-b7-3M\9.mp4,5.089974,5.089974,50x35,35,50,0.101799,50,nearest center frame; zero vector with vision_mask=0,OpenCV face/appearance/texture/optical-flow descriptors,bcd643f328616312eae9b28e6c9aabbe8acaec3e4c4be58daeb45e3eee4d973c
-egA8-b7-3M$_$20,-egA8-b7-3M,20,text,附件1-数据集原始多模态样本\MOSEI数据集部分原始视频-100条\-egA8-b7-3M\20.mp4,6.644987,6.644987,50x768,768,50,0.132900,50,zero vector with text_mask=0,distilbert-base-uncased; mean of last 4 hidden layers; overlap-weighted pooling,719ef133920e74b3ea33925d2bca0270b062199116867568f88ac83cadcd74e8
-egA8-b7-3M$_$20,-egA8-b7-3M,20,audio,附件1-数据集原始多模态样本\MOSEI数据集部分原始视频-100条\-egA8-b7-3M\20.mp4,6.644987,6.474437,50x74,74,50,0.132900,49,zero vector with audio_mask=0,16 kHz mono; MFCC/chroma/spectral/pitch/energy statistics,719ef133920e74b3ea33925d2bca0270b062199116867568f88ac83cadcd74e8
-egA8-b7-3M$_$20,-egA8-b7-3M,20,vision,附件1-数据集原始多模态样本\MOSEI数据集部分原始视频-100条\-egA8-b7-3M\20.mp4,6.644987,6.644987,50x35,35,50,0.132900,50,nearest center frame; zero vector with vision_mask=0,OpenCV face/appearance/texture/optical-flow descriptors,719ef133920e74b3ea33925d2bca0270b062199116867568f88ac83cadcd74e8
-iRBcNs9oI8$_$3,-iRBcNs9oI8,3,text,附件1-数据集原始多模态样本\MOSEI数据集部分原始视频-100条\-iRBcNs9oI8\3.mp4,5.621000,5.621000,50x768,768,50,0.112420,50,zero vector with text_mask=0,distilbert-base-uncased; mean of last 4 hidden layers; overlap-weighted pooling,39c547acd1a8da2ebc6c6ab008191a5676420398a974cd9611cad087f0ccec50
-iRBcNs9oI8$_$3,-iRBcNs9oI8,3,audio,附件1-数据集原始多模态样本\MOSEI数据集部分原始视频-100条\-iRBcNs9oI8\3.mp4,5.621000,5.538250,50x74,74,50,0.112420,50,zero vector with audio_mask=0,16 kHz mono; MFCC/chroma/spectral/pitch/energy statistics,39c547acd1a8da2ebc6c6ab008191a5676420398a974cd9611cad087f0ccec50
-iRBcNs9oI8$_$3,-iRBcNs9oI8,3,vision,附件1-数据集原始多模态样本\MOSEI数据集部分原始视频-100条\-iRBcNs9oI8\3.mp4,5.621000,5.621000,50x35,35,50,0.112420,50,nearest center frame; zero vector with vision_mask=0,OpenCV face/appearance/texture/optical-flow descriptors,39c547acd1a8da2ebc6c6ab008191a5676420398a974cd9611cad087f0ccec50
-iRBcNs9oI8$_$7,-iRBcNs9oI8,7,text,附件1-数据集原始多模态样本\MOSEI数据集部分原始视频-100条\-iRBcNs9oI8\7.mp4,4.104000,4.104000,50x768,768,50,0.082080,50,zero vector with text_mask=0,distilbert-base-uncased; mean of last 4 hidden layers; overlap-weighted pooling,cc7b1c7a06ec41d72007b5c42fb8036f30b66d5cf76e3f093160c22fc5e38081
-iRBcNs9oI8$_$7,-iRBcNs9oI8,7,audio,附件1-数据集原始多模态样本\MOSEI数据集部分原始视频-100条\-iRBcNs9oI8\7.mp4,4.104000,4.005750,50x74,74,50,0.082080,49,zero vector with audio_mask=0,16 kHz mono; MFCC/chroma/spectral/pitch/energy statistics,cc7b1c7a06ec41d72007b5c42fb8036f30b66d5cf76e3f093160c22fc5e38081
-iRBcNs9oI8$_$7,-iRBcNs9oI8,7,vision,附件1-数据集原始多模态样本\MOSEI数据集部分原始视频-100条\-iRBcNs9oI8\7.mp4,4.104000,4.104000,50x35,35,50,0.082080,49,nearest center frame; zero vector with vision_mask=0,OpenCV face/appearance/texture/optical-flow descriptors,cc7b1c7a06ec41d72007b5c42fb8036f30b66d5cf76e3f093160c22fc5e38081
-iRBcNs9oI8$_$6,-iRBcNs9oI8,6,text,附件1-数据集原始多模态样本\MOSEI数据集部分原始视频-100条\-iRBcNs9oI8\6.mp4,2.903000,2.903000,50x768,768,50,0.058060,50,zero vector with text_mask=0,distilbert-base-uncased; mean of last 4 hidden layers; overlap-weighted pooling,030b0b8d8d4ae47799432ab71b66fcc881f077c5b0feef892c1f146dc0a592e3
-iRBcNs9oI8$_$6,-iRBcNs9oI8,6,audio,附件1-数据集原始多模态样本\MOSEI数据集部分原始视频-100条\-iRBcNs9oI8\6.mp4,2.903000,2.820438,50x74,74,50,0.058060,49,zero vector with audio_mask=0,16 kHz mono; MFCC/chroma/spectral/pitch/energy statistics,030b0b8d8d4ae47799432ab71b66fcc881f077c5b0feef892c1f146dc0a592e3
-iRBcNs9oI8$_$6,-iRBcNs9oI8,6,vision,附件1-数据集原始多模态样本\MOSEI数据集部分原始视频-100条\-iRBcNs9oI8\6.mp4,2.903000,2.903000,50x35,35,50,0.058060,49,nearest center frame; zero vector with vision_mask=0,OpenCV face/appearance/texture/optical-flow descriptors,030b0b8d8d4ae47799432ab71b66fcc881f077c5b0feef892c1f146dc0a592e3
-iRBcNs9oI8$_$9,-iRBcNs9oI8,9,text,附件1-数据集原始多模态样本\MOSEI数据集部分原始视频-100条\-iRBcNs9oI8\9.mp4,3.416000,3.416000,50x768,768,50,0.068320,50,zero vector with text_mask=0,distilbert-base-uncased; mean of last 4 hidden layers; overlap-weighted pooling,352bdcc73d3622d6abac1b09f2039b211d15b9bf7acee66f0b07783c9b7a4c74
-iRBcNs9oI8$_$9,-iRBcNs9oI8,9,audio,附件1-数据集原始多模态样本\MOSEI数据集部分原始视频-100条\-iRBcNs9oI8\9.mp4,3.416000,3.374062,50x74,74,50,0.068320,50,zero vector with audio_mask=0,16 kHz mono; MFCC/chroma/spectral/pitch/energy statistics,352bdcc73d3622d6abac1b09f2039b211d15b9bf7acee66f0b07783c9b7a4c74
-iRBcNs9oI8$_$9,-iRBcNs9oI8,9,vision,附件1-数据集原始多模态样本\MOSEI数据集部分原始视频-100条\-iRBcNs9oI8\9.mp4,3.416000,3.416000,50x35,35,50,0.068320,50,nearest center frame; zero vector with vision_mask=0,OpenCV face/appearance/texture/optical-flow descriptors,352bdcc73d3622d6abac1b09f2039b211d15b9bf7acee66f0b07783c9b7a4c74
-iRBcNs9oI8$_$8,-iRBcNs9oI8,8,text,附件1-数据集原始多模态样本\MOSEI数据集部分原始视频-100条\-iRBcNs9oI8\8.mp4,8.093000,8.093000,50x768,768,50,0.161860,50,zero vector with text_mask=0,distilbert-base-uncased; mean of last 4 hidden layers; overlap-weighted pooling,72a49e3da2862addcde033bd2fbae957d086533664ca4dcbccd3a851bcd50412
-iRBcNs9oI8$_$8,-iRBcNs9oI8,8,audio,附件1-数据集原始多模态样本\MOSEI数据集部分原始视频-100条\-iRBcNs9oI8\8.mp4,8.093000,8.026063,50x74,74,50,0.161860,50,zero vector with audio_mask=0,16 kHz mono; MFCC/chroma/spectral/pitch/energy statistics,72a49e3da2862addcde033bd2fbae957d086533664ca4dcbccd3a851bcd50412
-iRBcNs9oI8$_$8,-iRBcNs9oI8,8,vision,附件1-数据集原始多模态样本\MOSEI数据集部分原始视频-100条\-iRBcNs9oI8\8.mp4,8.093000,8.093000,50x35,35,50,0.161860,50,nearest center frame; zero vector with vision_mask=0,OpenCV face/appearance/texture/optical-flow descriptors,72a49e3da2862addcde033bd2fbae957d086533664ca4dcbccd3a851bcd50412
-lzEya4AM_4$_$5,-lzEya4AM_4,5,text,附件1-数据集原始多模态样本\MOSEI数据集部分原始视频-100条\-lzEya4AM_4\5.mp4,7.675000,7.675000,50x768,768,50,0.153500,50,zero vector with text_mask=0,distilbert-base-uncased; mean of last 4 hidden layers; overlap-weighted pooling,3b74de8d0e66fd754594f05985e5af3480adcc03555f79225d3b727cb4bed043
-lzEya4AM_4$_$5,-lzEya4AM_4,5,audio,附件1-数据集原始多模态样本\MOSEI数据集部分原始视频-100条\-lzEya4AM_4\5.mp4,7.675000,7.569687,50x74,74,50,0.153500,50,zero vector with audio_mask=0,16 kHz mono; MFCC/chroma/spectral/pitch/energy statistics,3b74de8d0e66fd754594f05985e5af3480adcc03555f79225d3b727cb4bed043
-lzEya4AM_4$_$5,-lzEya4AM_4,5,vision,附件1-数据集原始多模态样本\MOSEI数据集部分原始视频-100条\-lzEya4AM_4\5.mp4,7.675000,7.675000,50x35,35,50,0.153500,50,nearest center frame; zero vector with vision_mask=0,OpenCV face/appearance/texture/optical-flow descriptors,3b74de8d0e66fd754594f05985e5af3480adcc03555f79225d3b727cb4bed043
-lzEya4AM_4$_$6,-lzEya4AM_4,6,text,附件1-数据集原始多模态样本\MOSEI数据集部分原始视频-100条\-lzEya4AM_4\6.mp4,14.791992,14.791992,50x768,768,50,0.295840,50,zero vector with text_mask=0,distilbert-base-uncased; mean of last 4 hidden layers; overlap-weighted pooling,ff5da5afb551001d58100ed2471caea51c741046d5396957efbf40082307ca18
-lzEya4AM_4$_$6,-lzEya4AM_4,6,audio,附件1-数据集原始多模态样本\MOSEI数据集部分原始视频-100条\-lzEya4AM_4\6.mp4,14.791992,14.740375,50x74,74,50,0.295840,50,zero vector with audio_mask=0,16 kHz mono; MFCC/chroma/spectral/pitch/energy statistics,ff5da5afb551001d58100ed2471caea51c741046d5396957efbf40082307ca18
-lzEya4AM_4$_$6,-lzEya4AM_4,6,vision,附件1-数据集原始多模态样本\MOSEI数据集部分原始视频-100条\-lzEya4AM_4\6.mp4,14.791992,14.791992,50x35,35,50,0.295840,50,nearest center frame; zero vector with vision_mask=0,OpenCV face/appearance/texture/optical-flow descriptors,ff5da5afb551001d58100ed2471caea51c741046d5396957efbf40082307ca18
-mJ2ud6oKI8$_$1,-mJ2ud6oKI8,1,text,附件1-数据集原始多模态样本\MOSEI数据集部分原始视频-100条\-mJ2ud6oKI8\1.mp4,6.103000,6.103000,50x768,768,50,0.122060,50,zero vector with text_mask=0,distilbert-base-uncased; mean of last 4 hidden layers; overlap-weighted pooling,c8e3acb4ca08679796c4c8cdfcd8c2b3cffc0465015efaffa1eccdb55ff4f45b
-mJ2ud6oKI8$_$1,-mJ2ud6oKI8,1,audio,附件1-数据集原始多模态样本\MOSEI数据集部分原始视频-100条\-mJ2ud6oKI8\1.mp4,6.103000,6.054500,50x74,74,50,0.122060,50,zero vector with audio_mask=0,16 kHz mono; MFCC/chroma/spectral/pitch/energy statistics,c8e3acb4ca08679796c4c8cdfcd8c2b3cffc0465015efaffa1eccdb55ff4f45b
-mJ2ud6oKI8$_$1,-mJ2ud6oKI8,1,vision,附件1-数据集原始多模态样本\MOSEI数据集部分原始视频-100条\-mJ2ud6oKI8\1.mp4,6.103000,6.103000,50x35,35,50,0.122060,50,nearest center frame; zero vector with vision_mask=0,OpenCV face/appearance/texture/optical-flow descriptors,c8e3acb4ca08679796c4c8cdfcd8c2b3cffc0465015efaffa1eccdb55ff4f45b
-mJ2ud6oKI8$_$2,-mJ2ud6oKI8,2,text,附件1-数据集原始多模态样本\MOSEI数据集部分原始视频-100条\-mJ2ud6oKI8\2.mp4,5.731000,5.731000,50x768,768,50,0.114620,50,zero vector with text_mask=0,distilbert-base-uncased; mean of last 4 hidden layers; overlap-weighted pooling,c41790f8b75f886bd1f5d6d72cbab1985306d0b715e5ae47203f3d0c8a3e7b28
-mJ2ud6oKI8$_$2,-mJ2ud6oKI8,2,audio,附件1-数据集原始多模态样本\MOSEI数据集部分原始视频-100条\-mJ2ud6oKI8\2.mp4,5.731000,5.701688,50x74,74,50,0.114620,50,zero vector with audio_mask=0,16 kHz mono; MFCC/chroma/spectral/pitch/energy statistics,c41790f8b75f886bd1f5d6d72cbab1985306d0b715e5ae47203f3d0c8a3e7b28
-mJ2ud6oKI8$_$2,-mJ2ud6oKI8,2,vision,附件1-数据集原始多模态样本\MOSEI数据集部分原始视频-100条\-mJ2ud6oKI8\2.mp4,5.731000,5.731000,50x35,35,50,0.114620,50,nearest center frame; zero vector with vision_mask=0,OpenCV face/appearance/texture/optical-flow descriptors,c41790f8b75f886bd1f5d6d72cbab1985306d0b715e5ae47203f3d0c8a3e7b28
-mJ2ud6oKI8$_$6,-mJ2ud6oKI8,6,text,附件1-数据集原始多模态样本\MOSEI数据集部分原始视频-100条\-mJ2ud6oKI8\6.mp4,2.257000,2.257000,50x768,768,50,0.045140,50,zero vector with text_mask=0,distilbert-base-uncased; mean of last 4 hidden layers; overlap-weighted pooling,134a3a4ebbc423760133b0da0e90cfe84d75ea85df3968000afd84153c5d828d
-mJ2ud6oKI8$_$6,-mJ2ud6oKI8,6,audio,附件1-数据集原始多模态样本\MOSEI数据集部分原始视频-100条\-mJ2ud6oKI8\6.mp4,2.257000,2.228125,50x74,74,50,0.045140,50,zero vector with audio_mask=0,16 kHz mono; MFCC/chroma/spectral/pitch/energy statistics,134a3a4ebbc423760133b0da0e90cfe84d75ea85df3968000afd84153c5d828d
-mJ2ud6oKI8$_$6,-mJ2ud6oKI8,6,vision,附件1-数据集原始多模态样本\MOSEI数据集部分原始视频-100条\-mJ2ud6oKI8\6.mp4,2.257000,2.257000,50x35,35,50,0.045140,49,nearest center frame; zero vector with vision_mask=0,OpenCV face/appearance/texture/optical-flow descriptors,134a3a4ebbc423760133b0da0e90cfe84d75ea85df3968000afd84153c5d828d
-mJ2ud6oKI8$_$9,-mJ2ud6oKI8,9,text,附件1-数据集原始多模态样本\MOSEI数据集部分原始视频-100条\-mJ2ud6oKI8\9.mp4,7.033000,7.033000,50x768,768,50,0.140660,50,zero vector with text_mask=0,distilbert-base-uncased; mean of last 4 hidden layers; overlap-weighted pooling,df3442f3ed8f894b507923e87e426ae9636790a4a502d00c350a215270cc3e47
-mJ2ud6oKI8$_$9,-mJ2ud6oKI8,9,audio,附件1-数据集原始多模态样本\MOSEI数据集部分原始视频-100条\-mJ2ud6oKI8\9.mp4,7.033000,6.908750,50x74,74,50,0.140660,50,zero vector with audio_mask=0,16 kHz mono; MFCC/chroma/spectral/pitch/energy statistics,df3442f3ed8f894b507923e87e426ae9636790a4a502d00c350a215270cc3e47
-mJ2ud6oKI8$_$9,-mJ2ud6oKI8,9,vision,附件1-数据集原始多模态样本\MOSEI数据集部分原始视频-100条\-mJ2ud6oKI8\9.mp4,7.033000,7.033000,50x35,35,50,0.140660,50,nearest center frame; zero vector with vision_mask=0,OpenCV face/appearance/texture/optical-flow descriptors,df3442f3ed8f894b507923e87e426ae9636790a4a502d00c350a215270cc3e47
-mJ2ud6oKI8$_$8,-mJ2ud6oKI8,8,text,附件1-数据集原始多模态样本\MOSEI数据集部分原始视频-100条\-mJ2ud6oKI8\8.mp4,4.192000,4.192000,50x768,768,50,0.083840,50,zero vector with text_mask=0,distilbert-base-uncased; mean of last 4 hidden layers; overlap-weighted pooling,6af6614c9838417a48c4817f4dd5bf1e6669eb5f78f983e9a68adc113fcdc7cc
-mJ2ud6oKI8$_$8,-mJ2ud6oKI8,8,audio,附件1-数据集原始多模态样本\MOSEI数据集部分原始视频-100条\-mJ2ud6oKI8\8.mp4,4.192000,4.171375,50x74,74,50,0.083840,50,zero vector with audio_mask=0,16 kHz mono; MFCC/chroma/spectral/pitch/energy statistics,6af6614c9838417a48c4817f4dd5bf1e6669eb5f78f983e9a68adc113fcdc7cc
-mJ2ud6oKI8$_$8,-mJ2ud6oKI8,8,vision,附件1-数据集原始多模态样本\MOSEI数据集部分原始视频-100条\-mJ2ud6oKI8\8.mp4,4.192000,4.192000,50x35,35,50,0.083840,50,nearest center frame; zero vector with vision_mask=0,OpenCV face/appearance/texture/optical-flow descriptors,6af6614c9838417a48c4817f4dd5bf1e6669eb5f78f983e9a68adc113fcdc7cc
-mqbVkbCndg$_$0,-mqbVkbCndg,0,text,附件1-数据集原始多模态样本\MOSEI数据集部分原始视频-100条\-mqbVkbCndg\0.mp4,6.466667,6.466667,50x768,768,50,0.129333,50,zero vector with text_mask=0,distilbert-base-uncased; mean of last 4 hidden layers; overlap-weighted pooling,cdeba953bba30907814acf72f3e35582dec263eaa25bdd922dad7fafe02e4dda
-mqbVkbCndg$_$0,-mqbVkbCndg,0,audio,附件1-数据集原始多模态样本\MOSEI数据集部分原始视频-100条\-mqbVkbCndg\0.mp4,6.466667,6.385500,50x74,74,50,0.129333,50,zero vector with audio_mask=0,16 kHz mono; MFCC/chroma/spectral/pitch/energy statistics,cdeba953bba30907814acf72f3e35582dec263eaa25bdd922dad7fafe02e4dda
-mqbVkbCndg$_$0,-mqbVkbCndg,0,vision,附件1-数据集原始多模态样本\MOSEI数据集部分原始视频-100条\-mqbVkbCndg\0.mp4,6.466667,6.466667,50x35,35,50,0.129333,50,nearest center frame; zero vector with vision_mask=0,OpenCV face/appearance/texture/optical-flow descriptors,cdeba953bba30907814acf72f3e35582dec263eaa25bdd922dad7fafe02e4dda
-t217m2on-s$_$2,-t217m2on-s,2,text,附件1-数据集原始多模态样本\MOSEI数据集部分原始视频-100条\-t217m2on-s\2.mp4,5.686003,5.686003,50x768,768,50,0.113720,50,zero vector with text_mask=0,distilbert-base-uncased; mean of last 4 hidden layers; overlap-weighted pooling,6713a983112173204502dc5adbb886bc6c38554b4627698611931420c47663a8
-t217m2on-s$_$2,-t217m2on-s,2,audio,附件1-数据集原始多模态样本\MOSEI数据集部分原始视频-100条\-t217m2on-s\2.mp4,5.686003,5.630187,50x74,74,50,0.113720,50,zero vector with audio_mask=0,16 kHz mono; MFCC/chroma/spectral/pitch/energy statistics,6713a983112173204502dc5adbb886bc6c38554b4627698611931420c47663a8
-t217m2on-s$_$2,-t217m2on-s,2,vision,附件1-数据集原始多模态样本\MOSEI数据集部分原始视频-100条\-t217m2on-s\2.mp4,5.686003,5.686003,50x35,35,50,0.113720,50,nearest center frame; zero vector with vision_mask=0,OpenCV face/appearance/texture/optical-flow descriptors,6713a983112173204502dc5adbb886bc6c38554b4627698611931420c47663a8
-t217m2on-s$_$7,-t217m2on-s,7,text,附件1-数据集原始多模态样本\MOSEI数据集部分原始视频-100条\-t217m2on-s\7.mp4,17.183008,17.183008,50x768,768,50,0.343660,50,zero vector with text_mask=0,distilbert-base-uncased; mean of last 4 hidden layers; overlap-weighted pooling,41c76b8a733ecb780d56348f55d00f0ba0c07f44f46e93044e62d876710180b7
-t217m2on-s$_$7,-t217m2on-s,7,audio,附件1-数据集原始多模态样本\MOSEI数据集部分原始视频-100条\-t217m2on-s\7.mp4,17.183008,17.026375,50x74,74,50,0.343660,50,zero vector with audio_mask=0,16 kHz mono; MFCC/chroma/spectral/pitch/energy statistics,41c76b8a733ecb780d56348f55d00f0ba0c07f44f46e93044e62d876710180b7
-t217m2on-s$_$7,-t217m2on-s,7,vision,附件1-数据集原始多模态样本\MOSEI数据集部分原始视频-100条\-t217m2on-s\7.mp4,17.183008,17.183008,50x35,35,50,0.343660,50,nearest center frame; zero vector with vision_mask=0,OpenCV face/appearance/texture/optical-flow descriptors,41c76b8a733ecb780d56348f55d00f0ba0c07f44f46e93044e62d876710180b7
-tANM6ETl_M$_$3,-tANM6ETl_M,3,text,附件1-数据集原始多模态样本\MOSEI数据集部分原始视频-100条\-tANM6ETl_M\3.mp4,6.758008,6.758008,50x768,768,50,0.135160,50,zero vector with text_mask=0,distilbert-base-uncased; mean of last 4 hidden layers; overlap-weighted pooling,6d3af064c060dad3816a9e1dfa00101faebd8b7da7d8ceea85b0bc0fca70abd6
-tANM6ETl_M$_$3,-tANM6ETl_M,3,audio,附件1-数据集原始多模态样本\MOSEI数据集部分原始视频-100条\-tANM6ETl_M\3.mp4,6.758008,6.603625,50x74,74,50,0.135160,49,zero vector with audio_mask=0,16 kHz mono; MFCC/chroma/spectral/pitch/energy statistics,6d3af064c060dad3816a9e1dfa00101faebd8b7da7d8ceea85b0bc0fca70abd6
-tANM6ETl_M$_$3,-tANM6ETl_M,3,vision,附件1-数据集原始多模态样本\MOSEI数据集部分原始视频-100条\-tANM6ETl_M\3.mp4,6.758008,6.758008,50x35,35,50,0.135160,50,nearest center frame; zero vector with vision_mask=0,OpenCV face/appearance/texture/optical-flow descriptors,6d3af064c060dad3816a9e1dfa00101faebd8b7da7d8ceea85b0bc0fca70abd6
-tPCytz4rww$_$11,-tPCytz4rww,11,text,附件1-数据集原始多模态样本\MOSEI数据集部分原始视频-100条\-tPCytz4rww\11.mp4,5.466992,5.466992,50x768,768,50,0.109340,50,zero vector with text_mask=0,distilbert-base-uncased; mean of last 4 hidden layers; overlap-weighted pooling,6dc09d02467baaef67594ff32cffb01f8ed1565cda4c5abd161b8261a51e2e5d
-tPCytz4rww$_$11,-tPCytz4rww,11,audio,附件1-数据集原始多模态样本\MOSEI数据集部分原始视频-100条\-tPCytz4rww\11.mp4,5.466992,5.378563,50x74,74,50,0.109340,50,zero vector with audio_mask=0,16 kHz mono; MFCC/chroma/spectral/pitch/energy statistics,6dc09d02467baaef67594ff32cffb01f8ed1565cda4c5abd161b8261a51e2e5d
-tPCytz4rww$_$11,-tPCytz4rww,11,vision,附件1-数据集原始多模态样本\MOSEI数据集部分原始视频-100条\-tPCytz4rww\11.mp4,5.466992,5.466992,50x35,35,50,0.109340,50,nearest center frame; zero vector with vision_mask=0,OpenCV face/appearance/texture/optical-flow descriptors,6dc09d02467baaef67594ff32cffb01f8ed1565cda4c5abd161b8261a51e2e5d
-tPCytz4rww$_$10,-tPCytz4rww,10,text,附件1-数据集原始多模态样本\MOSEI数据集部分原始视频-100条\-tPCytz4rww\10.mp4,4.788997,4.788997,50x768,768,50,0.095780,50,zero vector with text_mask=0,distilbert-base-uncased; mean of last 4 hidden layers; overlap-weighted pooling,758183192cbd5f0f20823d26ece3ddee40dec0aadec35247b2495510a53f52f8
-tPCytz4rww$_$10,-tPCytz4rww,10,audio,附件1-数据集原始多模态样本\MOSEI数据集部分原始视频-100条\-tPCytz4rww\10.mp4,4.788997,4.678813,50x74,74,50,0.095780,49,zero vector with audio_mask=0,16 kHz mono; MFCC/chroma/spectral/pitch/energy statistics,758183192cbd5f0f20823d26ece3ddee40dec0aadec35247b2495510a53f52f8
-tPCytz4rww$_$10,-tPCytz4rww,10,vision,附件1-数据集原始多模态样本\MOSEI数据集部分原始视频-100条\-tPCytz4rww\10.mp4,4.788997,4.788997,50x35,35,50,0.095780,50,nearest center frame; zero vector with vision_mask=0,OpenCV face/appearance/texture/optical-flow descriptors,758183192cbd5f0f20823d26ece3ddee40dec0aadec35247b2495510a53f52f8
-tPCytz4rww$_$12,-tPCytz4rww,12,text,附件1-数据集原始多模态样本\MOSEI数据集部分原始视频-100条\-tPCytz4rww\12.mp4,11.863997,11.863997,50x768,768,50,0.237280,50,zero vector with text_mask=0,distilbert-base-uncased; mean of last 4 hidden layers; overlap-weighted pooling,e3c7f9cd67ad2d20fef997696dc278361f97f027db58762e22104e5720d509d5
-tPCytz4rww$_$12,-tPCytz4rww,12,audio,附件1-数据集原始多模态样本\MOSEI数据集部分原始视频-100条\-tPCytz4rww\12.mp4,11.863997,11.736187,50x74,74,50,0.237280,50,zero vector with audio_mask=0,16 kHz mono; MFCC/chroma/spectral/pitch/energy statistics,e3c7f9cd67ad2d20fef997696dc278361f97f027db58762e22104e5720d509d5
-tPCytz4rww$_$12,-tPCytz4rww,12,vision,附件1-数据集原始多模态样本\MOSEI数据集部分原始视频-100条\-tPCytz4rww\12.mp4,11.863997,11.863997,50x35,35,50,0.237280,50,nearest center frame; zero vector with vision_mask=0,OpenCV face/appearance/texture/optical-flow descriptors,e3c7f9cd67ad2d20fef997696dc278361f97f027db58762e22104e5720d509d5
-tPCytz4rww$_$16,-tPCytz4rww,16,text,附件1-数据集原始多模态样本\MOSEI数据集部分原始视频-100条\-tPCytz4rww\16.mp4,7.205990,7.205990,50x768,768,50,0.144120,50,zero vector with text_mask=0,distilbert-base-uncased; mean of last 4 hidden layers; overlap-weighted pooling,8b3f82f9628792eebaf8c227becc2ebeba59bb8abb668bcca86e07fb1a992a93
-tPCytz4rww$_$16,-tPCytz4rww,16,audio,附件1-数据集原始多模态样本\MOSEI数据集部分原始视频-100条\-tPCytz4rww\16.mp4,7.205990,7.139188,50x74,74,50,0.144120,50,zero vector with audio_mask=0,16 kHz mono; MFCC/chroma/spectral/pitch/energy statistics,8b3f82f9628792eebaf8c227becc2ebeba59bb8abb668bcca86e07fb1a992a93
-tPCytz4rww$_$16,-tPCytz4rww,16,vision,附件1-数据集原始多模态样本\MOSEI数据集部分原始视频-100条\-tPCytz4rww\16.mp4,7.205990,7.205990,50x35,35,50,0.144120,50,nearest center frame; zero vector with vision_mask=0,OpenCV face/appearance/texture/optical-flow descriptors,8b3f82f9628792eebaf8c227becc2ebeba59bb8abb668bcca86e07fb1a992a93
-tPCytz4rww$_$18,-tPCytz4rww,18,text,附件1-数据集原始多模态样本\MOSEI数据集部分原始视频-100条\-tPCytz4rww\18.mp4,6.644987,6.644987,50x768,768,50,0.132900,50,zero vector with text_mask=0,distilbert-base-uncased; mean of last 4 hidden layers; overlap-weighted pooling,eece70451e9c37a4b5f375bf646f66e09113fe3467f35bf1720cc14d986c1776
-tPCytz4rww$_$18,-tPCytz4rww,18,audio,附件1-数据集原始多模态样本\MOSEI数据集部分原始视频-100条\-tPCytz4rww\18.mp4,6.644987,6.568812,50x74,74,50,0.132900,50,zero vector with audio_mask=0,16 kHz mono; MFCC/chroma/spectral/pitch/energy statistics,eece70451e9c37a4b5f375bf646f66e09113fe3467f35bf1720cc14d986c1776
-tPCytz4rww$_$18,-tPCytz4rww,18,vision,附件1-数据集原始多模态样本\MOSEI数据集部分原始视频-100条\-tPCytz4rww\18.mp4,6.644987,6.644987,50x35,35,50,0.132900,50,nearest center frame; zero vector with vision_mask=0,OpenCV face/appearance/texture/optical-flow descriptors,eece70451e9c37a4b5f375bf646f66e09113fe3467f35bf1720cc14d986c1776
-vxjVxOeScU$_$4,-vxjVxOeScU,4,text,附件1-数据集原始多模态样本\MOSEI数据集部分原始视频-100条\-vxjVxOeScU\4.mp4,9.127018,9.127018,50x768,768,50,0.182540,50,zero vector with text_mask=0,distilbert-base-uncased; mean of last 4 hidden layers; overlap-weighted pooling,00282df9a314394f19d616d561bd1916d1d30dca4c814dfb43630ca164f4c719
-vxjVxOeScU$_$4,-vxjVxOeScU,4,audio,附件1-数据集原始多模态样本\MOSEI数据集部分原始视频-100条\-vxjVxOeScU\4.mp4,9.127018,9.037062,50x74,74,50,0.182540,50,zero vector with audio_mask=0,16 kHz mono; MFCC/chroma/spectral/pitch/energy statistics,00282df9a314394f19d616d561bd1916d1d30dca4c814dfb43630ca164f4c719
-vxjVxOeScU$_$4,-vxjVxOeScU,4,vision,附件1-数据集原始多模态样本\MOSEI数据集部分原始视频-100条\-vxjVxOeScU\4.mp4,9.127018,9.127018,50x35,35,50,0.182540,50,nearest center frame; zero vector with vision_mask=0,OpenCV face/appearance/texture/optical-flow descriptors,00282df9a314394f19d616d561bd1916d1d30dca4c814dfb43630ca164f4c719
-wMB_hJL-3o$_$7,-wMB_hJL-3o,7,text,附件1-数据集原始多模态样本\MOSEI数据集部分原始视频-100条\-wMB_hJL-3o\7.mp4,6.044010,6.044010,50x768,768,50,0.120880,50,zero vector with text_mask=0,distilbert-base-uncased; mean of last 4 hidden layers; overlap-weighted pooling,04a73d73fd150b07edab8e652fd14c9cb4a0f6e017ea97b17e8146e377b9fae7
-wMB_hJL-3o$_$7,-wMB_hJL-3o,7,audio,附件1-数据集原始多模态样本\MOSEI数据集部分原始视频-100条\-wMB_hJL-3o\7.mp4,6.044010,5.975562,50x74,74,50,0.120880,50,zero vector with audio_mask=0,16 kHz mono; MFCC/chroma/spectral/pitch/energy statistics,04a73d73fd150b07edab8e652fd14c9cb4a0f6e017ea97b17e8146e377b9fae7
-wMB_hJL-3o$_$7,-wMB_hJL-3o,7,vision,附件1-数据集原始多模态样本\MOSEI数据集部分原始视频-100条\-wMB_hJL-3o\7.mp4,6.044010,6.044010,50x35,35,50,0.120880,50,nearest center frame; zero vector with vision_mask=0,OpenCV face/appearance/texture/optical-flow descriptors,04a73d73fd150b07edab8e652fd14c9cb4a0f6e017ea97b17e8146e377b9fae7
-wny0OAz3g8$_$1,-wny0OAz3g8,1,text,附件1-数据集原始多模态样本\MOSEI数据集部分原始视频-100条\-wny0OAz3g8\1.mp4,6.844010,6.844010,50x768,768,50,0.136880,50,zero vector with text_mask=0,distilbert-base-uncased; mean of last 4 hidden layers; overlap-weighted pooling,c5535859f129ce04da5f5b5104d02d4168057b9d947a5349d423278ad4f3d8e8
-wny0OAz3g8$_$1,-wny0OAz3g8,1,audio,附件1-数据集原始多模态样本\MOSEI数据集部分原始视频-100条\-wny0OAz3g8\1.mp4,6.844010,6.776562,50x74,74,50,0.136880,50,zero vector with audio_mask=0,16 kHz mono; MFCC/chroma/spectral/pitch/energy statistics,c5535859f129ce04da5f5b5104d02d4168057b9d947a5349d423278ad4f3d8e8
-wny0OAz3g8$_$1,-wny0OAz3g8,1,vision,附件1-数据集原始多模态样本\MOSEI数据集部分原始视频-100条\-wny0OAz3g8\1.mp4,6.844010,6.844010,50x35,35,50,0.136880,50,nearest center frame; zero vector with vision_mask=0,OpenCV face/appearance/texture/optical-flow descriptors,c5535859f129ce04da5f5b5104d02d4168057b9d947a5349d423278ad4f3d8e8
-wny0OAz3g8$_$0,-wny0OAz3g8,0,text,附件1-数据集原始多模态样本\MOSEI数据集部分原始视频-100条\-wny0OAz3g8\0.mp4,3.333333,3.333333,50x768,768,50,0.066667,50,zero vector with text_mask=0,distilbert-base-uncased; mean of last 4 hidden layers; overlap-weighted pooling,1cc21b4432e2f4b592284ee40558a18acc7d208019117aebdb2f6a1b67ea198d
-wny0OAz3g8$_$0,-wny0OAz3g8,0,audio,附件1-数据集原始多模态样本\MOSEI数据集部分原始视频-100条\-wny0OAz3g8\0.mp4,3.333333,3.274000,50x74,74,50,0.066667,50,zero vector with audio_mask=0,16 kHz mono; MFCC/chroma/spectral/pitch/energy statistics,1cc21b4432e2f4b592284ee40558a18acc7d208019117aebdb2f6a1b67ea198d
-wny0OAz3g8$_$0,-wny0OAz3g8,0,vision,附件1-数据集原始多模态样本\MOSEI数据集部分原始视频-100条\-wny0OAz3g8\0.mp4,3.333333,3.333333,50x35,35,50,0.066667,50,nearest center frame; zero vector with vision_mask=0,OpenCV face/appearance/texture/optical-flow descriptors,1cc21b4432e2f4b592284ee40558a18acc7d208019117aebdb2f6a1b67ea198d
-wny0OAz3g8$_$3,-wny0OAz3g8,3,text,附件1-数据集原始多模态样本\MOSEI数据集部分原始视频-100条\-wny0OAz3g8\3.mp4,6.146029,6.146029,50x768,768,50,0.122921,50,zero vector with text_mask=0,distilbert-base-uncased; mean of last 4 hidden layers; overlap-weighted pooling,ea917c506bc9fa39460f2b722f7c416f646312bb17cd74baa618905b54837bce
-wny0OAz3g8$_$3,-wny0OAz3g8,3,audio,附件1-数据集原始多模态样本\MOSEI数据集部分原始视频-100条\-wny0OAz3g8\3.mp4,6.146029,6.099875,50x74,74,50,0.122921,50,zero vector with audio_mask=0,16 kHz mono; MFCC/chroma/spectral/pitch/energy statistics,ea917c506bc9fa39460f2b722f7c416f646312bb17cd74baa618905b54837bce
-wny0OAz3g8$_$3,-wny0OAz3g8,3,vision,附件1-数据集原始多模态样本\MOSEI数据集部分原始视频-100条\-wny0OAz3g8\3.mp4,6.146029,6.146029,50x35,35,50,0.122921,50,nearest center frame; zero vector with vision_mask=0,OpenCV face/appearance/texture/optical-flow descriptors,ea917c506bc9fa39460f2b722f7c416f646312bb17cd74baa618905b54837bce
-wny0OAz3g8$_$2,-wny0OAz3g8,2,text,附件1-数据集原始多模态样本\MOSEI数据集部分原始视频-100条\-wny0OAz3g8\2.mp4,6.686979,6.686979,50x768,768,50,0.133740,50,zero vector with text_mask=0,distilbert-base-uncased; mean of last 4 hidden layers; overlap-weighted pooling,1825fb37db2e914fb616cd80aebd613afd873eecb7edd4d0b53158bfda0e522a
-wny0OAz3g8$_$2,-wny0OAz3g8,2,audio,附件1-数据集原始多模态样本\MOSEI数据集部分原始视频-100条\-wny0OAz3g8\2.mp4,6.686979,6.522687,50x74,74,50,0.133740,49,zero vector with audio_mask=0,16 kHz mono; MFCC/chroma/spectral/pitch/energy statistics,1825fb37db2e914fb616cd80aebd613afd873eecb7edd4d0b53158bfda0e522a
-wny0OAz3g8$_$2,-wny0OAz3g8,2,vision,附件1-数据集原始多模态样本\MOSEI数据集部分原始视频-100条\-wny0OAz3g8\2.mp4,6.686979,6.686979,50x35,35,50,0.133740,50,nearest center frame; zero vector with vision_mask=0,OpenCV face/appearance/texture/optical-flow descriptors,1825fb37db2e914fb616cd80aebd613afd873eecb7edd4d0b53158bfda0e522a
-wny0OAz3g8$_$5,-wny0OAz3g8,5,text,附件1-数据集原始多模态样本\MOSEI数据集部分原始视频-100条\-wny0OAz3g8\5.mp4,6.911979,6.911979,50x768,768,50,0.138240,50,zero vector with text_mask=0,distilbert-base-uncased; mean of last 4 hidden layers; overlap-weighted pooling,6c6a8a4cba654b25190ab1793bfae81c3d2159ecd6cbc02d3fcbd598543acce0
-wny0OAz3g8$_$5,-wny0OAz3g8,5,audio,附件1-数据集原始多模态样本\MOSEI数据集部分原始视频-100条\-wny0OAz3g8\5.mp4,6.911979,6.741437,50x74,74,50,0.138240,49,zero vector with audio_mask=0,16 kHz mono; MFCC/chroma/spectral/pitch/energy statistics,6c6a8a4cba654b25190ab1793bfae81c3d2159ecd6cbc02d3fcbd598543acce0
-wny0OAz3g8$_$5,-wny0OAz3g8,5,vision,附件1-数据集原始多模态样本\MOSEI数据集部分原始视频-100条\-wny0OAz3g8\5.mp4,6.911979,6.911979,50x35,35,50,0.138240,50,nearest center frame; zero vector with vision_mask=0,OpenCV face/appearance/texture/optical-flow descriptors,6c6a8a4cba654b25190ab1793bfae81c3d2159ecd6cbc02d3fcbd598543acce0
-wny0OAz3g8$_$7,-wny0OAz3g8,7,text,附件1-数据集原始多模态样本\MOSEI数据集部分原始视频-100条\-wny0OAz3g8\7.mp4,8.067969,8.067969,50x768,768,50,0.161359,50,zero vector with text_mask=0,distilbert-base-uncased; mean of last 4 hidden layers; overlap-weighted pooling,cbf9cac1048ce191aef781d0c4563eb97f9f3ddd52eb1f9551fa78d31d70e7cd
-wny0OAz3g8$_$7,-wny0OAz3g8,7,audio,附件1-数据集原始多模态样本\MOSEI数据集部分原始视频-100条\-wny0OAz3g8\7.mp4,8.067969,7.910500,50x74,74,50,0.161359,50,zero vector with audio_mask=0,16 kHz mono; MFCC/chroma/spectral/pitch/energy statistics,cbf9cac1048ce191aef781d0c4563eb97f9f3ddd52eb1f9551fa78d31d70e7cd
-wny0OAz3g8$_$7,-wny0OAz3g8,7,vision,附件1-数据集原始多模态样本\MOSEI数据集部分原始视频-100条\-wny0OAz3g8\7.mp4,8.067969,8.067969,50x35,35,50,0.161359,50,nearest center frame; zero vector with vision_mask=0,OpenCV face/appearance/texture/optical-flow descriptors,cbf9cac1048ce191aef781d0c4563eb97f9f3ddd52eb1f9551fa78d31d70e7cd
-wny0OAz3g8$_$9,-wny0OAz3g8,9,text,附件1-数据集原始多模态样本\MOSEI数据集部分原始视频-100条\-wny0OAz3g8\9.mp4,6.213021,6.213021,50x768,768,50,0.124260,50,zero vector with text_mask=0,distilbert-base-uncased; mean of last 4 hidden layers; overlap-weighted pooling,b76f70fe783ee76bf1b637137226c98e67d13a6b15ec725894175b36cd76a136
-wny0OAz3g8$_$9,-wny0OAz3g8,9,audio,附件1-数据集原始多模态样本\MOSEI数据集部分原始视频-100条\-wny0OAz3g8\9.mp4,6.213021,6.043500,50x74,74,50,0.124260,49,zero vector with audio_mask=0,16 kHz mono; MFCC/chroma/spectral/pitch/energy statistics,b76f70fe783ee76bf1b637137226c98e67d13a6b15ec725894175b36cd76a136
-wny0OAz3g8$_$9,-wny0OAz3g8,9,vision,附件1-数据集原始多模态样本\MOSEI数据集部分原始视频-100条\-wny0OAz3g8\9.mp4,6.213021,6.213021,50x35,35,50,0.124260,50,nearest center frame; zero vector with vision_mask=0,OpenCV face/appearance/texture/optical-flow descriptors,b76f70fe783ee76bf1b637137226c98e67d13a6b15ec725894175b36cd76a136
-571d8cVauQ$_$0,-571d8cVauQ,0,text,附件1-数据集原始多模态样本\MOSEI数据集部分原始视频-100条\-571d8cVauQ\0.mp4,5.066667,5.066667,50x768,768,50,0.101333,50,zero vector with text_mask=0,distilbert-base-uncased; mean of last 4 hidden layers; overlap-weighted pooling,defc62e1530d9b0cd27f2acfe042b71dd84d7e8c85f1df261f04912091976088
-571d8cVauQ$_$0,-571d8cVauQ,0,audio,附件1-数据集原始多模态样本\MOSEI数据集部分原始视频-100条\-571d8cVauQ\0.mp4,5.066667,4.992312,50x74,74,50,0.101333,50,zero vector with audio_mask=0,16 kHz mono; MFCC/chroma/spectral/pitch/energy statistics,defc62e1530d9b0cd27f2acfe042b71dd84d7e8c85f1df261f04912091976088
-571d8cVauQ$_$0,-571d8cVauQ,0,vision,附件1-数据集原始多模态样本\MOSEI数据集部分原始视频-100条\-571d8cVauQ\0.mp4,5.066667,5.066667,50x35,35,50,0.101333,50,nearest center frame; zero vector with vision_mask=0,OpenCV face/appearance/texture/optical-flow descriptors,defc62e1530d9b0cd27f2acfe042b71dd84d7e8c85f1df261f04912091976088
-571d8cVauQ$_$5,-571d8cVauQ,5,text,附件1-数据集原始多模态样本\MOSEI数据集部分原始视频-100条\-571d8cVauQ\5.mp4,15.272982,15.272982,50x768,768,50,0.305460,50,zero vector with text_mask=0,distilbert-base-uncased; mean of last 4 hidden layers; overlap-weighted pooling,e304c03fac1f477823fe0926c4fb421b9c4e4091f85718b729afe856c24a7d3e
-571d8cVauQ$_$5,-571d8cVauQ,5,audio,附件1-数据集原始多模态样本\MOSEI数据集部分原始视频-100条\-571d8cVauQ\5.mp4,15.272982,15.115250,50x74,74,50,0.305460,50,zero vector with audio_mask=0,16 kHz mono; MFCC/chroma/spectral/pitch/energy statistics,e304c03fac1f477823fe0926c4fb421b9c4e4091f85718b729afe856c24a7d3e
-571d8cVauQ$_$5,-571d8cVauQ,5,vision,附件1-数据集原始多模态样本\MOSEI数据集部分原始视频-100条\-571d8cVauQ\5.mp4,15.272982,15.272982,50x35,35,50,0.305460,50,nearest center frame; zero vector with vision_mask=0,OpenCV face/appearance/texture/optical-flow descriptors,e304c03fac1f477823fe0926c4fb421b9c4e4091f85718b729afe856c24a7d3e
-I_e4mIh0yE$_$1,-I_e4mIh0yE,1,text,附件1-数据集原始多模态样本\MOSEI数据集部分原始视频-100条\-I_e4mIh0yE\1.mp4,7.622005,7.622005,50x768,768,50,0.152440,50,zero vector with text_mask=0,distilbert-base-uncased; mean of last 4 hidden layers; overlap-weighted pooling,8453a966d4bd1f0179eb86a35cd34c0864a3a3bc2fa86f37783060cc0d14f5df
-I_e4mIh0yE$_$1,-I_e4mIh0yE,1,audio,附件1-数据集原始多模态样本\MOSEI数据集部分原始视频-100条\-I_e4mIh0yE\1.mp4,7.622005,7.444312,50x74,74,50,0.152440,49,zero vector with audio_mask=0,16 kHz mono; MFCC/chroma/spectral/pitch/energy statistics,8453a966d4bd1f0179eb86a35cd34c0864a3a3bc2fa86f37783060cc0d14f5df
-I_e4mIh0yE$_$1,-I_e4mIh0yE,1,vision,附件1-数据集原始多模态样本\MOSEI数据集部分原始视频-100条\-I_e4mIh0yE\1.mp4,7.622005,7.622005,50x35,35,50,0.152440,50,nearest center frame; zero vector with vision_mask=0,OpenCV face/appearance/texture/optical-flow descriptors,8453a966d4bd1f0179eb86a35cd34c0864a3a3bc2fa86f37783060cc0d14f5df
-I_e4mIh0yE$_$3,-I_e4mIh0yE,3,text,附件1-数据集原始多模态样本\MOSEI数据集部分原始视频-100条\-I_e4mIh0yE\3.mp4,9.163021,9.163021,50x768,768,50,0.183260,50,zero vector with text_mask=0,distilbert-base-uncased; mean of last 4 hidden layers; overlap-weighted pooling,a015f02ae51d74c42ad27e2a0831263a303f0658ac8d984819e27ad61342b23e
-I_e4mIh0yE$_$3,-I_e4mIh0yE,3,audio,附件1-数据集原始多模态样本\MOSEI数据集部分原始视频-100条\-I_e4mIh0yE\3.mp4,9.163021,8.994375,50x74,74,50,0.183260,50,zero vector with audio_mask=0,16 kHz mono; MFCC/chroma/spectral/pitch/energy statistics,a015f02ae51d74c42ad27e2a0831263a303f0658ac8d984819e27ad61342b23e
-I_e4mIh0yE$_$3,-I_e4mIh0yE,3,vision,附件1-数据集原始多模态样本\MOSEI数据集部分原始视频-100条\-I_e4mIh0yE\3.mp4,9.163021,9.163021,50x35,35,50,0.183260,50,nearest center frame; zero vector with vision_mask=0,OpenCV face/appearance/texture/optical-flow descriptors,a015f02ae51d74c42ad27e2a0831263a303f0658ac8d984819e27ad61342b23e
-UacrmKiTn4$_$10,-UacrmKiTn4,10,text,附件1-数据集原始多模态样本\MOSEI数据集部分原始视频-100条\-UacrmKiTn4\10.mp4,7.361979,7.361979,50x768,768,50,0.147240,50,zero vector with text_mask=0,distilbert-base-uncased; mean of last 4 hidden layers; overlap-weighted pooling,00312e0602dbeac970de5d7dd0e8a970e514fe45d7fe6625b4f454b299e36360
-UacrmKiTn4$_$10,-UacrmKiTn4,10,audio,附件1-数据集原始多模态样本\MOSEI数据集部分原始视频-100条\-UacrmKiTn4\10.mp4,7.361979,7.242063,50x74,74,50,0.147240,50,zero vector with audio_mask=0,16 kHz mono; MFCC/chroma/spectral/pitch/energy statistics,00312e0602dbeac970de5d7dd0e8a970e514fe45d7fe6625b4f454b299e36360
-UacrmKiTn4$_$10,-UacrmKiTn4,10,vision,附件1-数据集原始多模态样本\MOSEI数据集部分原始视频-100条\-UacrmKiTn4\10.mp4,7.361979,7.361979,50x35,35,50,0.147240,50,nearest center frame; zero vector with vision_mask=0,OpenCV face/appearance/texture/optical-flow descriptors,00312e0602dbeac970de5d7dd0e8a970e514fe45d7fe6625b4f454b299e36360
-UacrmKiTn4$_$4,-UacrmKiTn4,4,text,附件1-数据集原始多模态样本\MOSEI数据集部分原始视频-100条\-UacrmKiTn4\4.mp4,4.741016,4.741016,50x768,768,50,0.094820,50,zero vector with text_mask=0,distilbert-base-uncased; mean of last 4 hidden layers; overlap-weighted pooling,a7f2ab0d6ee2e2a2d5cd4239f03e6cac67c618ddb744891323df3ff87e29af84
-UacrmKiTn4$_$4,-UacrmKiTn4,4,audio,附件1-数据集原始多模态样本\MOSEI数据集部分原始视频-100条\-UacrmKiTn4\4.mp4,4.741016,4.681938,50x74,74,50,0.094820,50,zero vector with audio_mask=0,16 kHz mono; MFCC/chroma/spectral/pitch/energy statistics,a7f2ab0d6ee2e2a2d5cd4239f03e6cac67c618ddb744891323df3ff87e29af84
-UacrmKiTn4$_$4,-UacrmKiTn4,4,vision,附件1-数据集原始多模态样本\MOSEI数据集部分原始视频-100条\-UacrmKiTn4\4.mp4,4.741016,4.741016,50x35,35,50,0.094820,50,nearest center frame; zero vector with vision_mask=0,OpenCV face/appearance/texture/optical-flow descriptors,a7f2ab0d6ee2e2a2d5cd4239f03e6cac67c618ddb744891323df3ff87e29af84
-hnBHBN8p5A$_$7,-hnBHBN8p5A,7,text,附件1-数据集原始多模态样本\MOSEI数据集部分原始视频-100条\-hnBHBN8p5A\7.mp4,7.372000,7.372000,50x768,768,50,0.147440,50,zero vector with text_mask=0,distilbert-base-uncased; mean of last 4 hidden layers; overlap-weighted pooling,0ec6fb76226315d3fafbb483e3500e60cc8a6729617b10e4b4b76163595080fb
-hnBHBN8p5A$_$7,-hnBHBN8p5A,7,audio,附件1-数据集原始多模态样本\MOSEI数据集部分原始视频-100条\-hnBHBN8p5A\7.mp4,7.372000,7.308562,50x74,74,50,0.147440,50,zero vector with audio_mask=0,16 kHz mono; MFCC/chroma/spectral/pitch/energy statistics,0ec6fb76226315d3fafbb483e3500e60cc8a6729617b10e4b4b76163595080fb
-hnBHBN8p5A$_$7,-hnBHBN8p5A,7,vision,附件1-数据集原始多模态样本\MOSEI数据集部分原始视频-100条\-hnBHBN8p5A\7.mp4,7.372000,7.372000,50x35,35,50,0.147440,50,nearest center frame; zero vector with vision_mask=0,OpenCV face/appearance/texture/optical-flow descriptors,0ec6fb76226315d3fafbb483e3500e60cc8a6729617b10e4b4b76163595080fb
-hnBHBN8p5A$_$6,-hnBHBN8p5A,6,text,附件1-数据集原始多模态样本\MOSEI数据集部分原始视频-100条\-hnBHBN8p5A\6.mp4,6.401000,6.401000,50x768,768,50,0.128020,50,zero vector with text_mask=0,distilbert-base-uncased; mean of last 4 hidden layers; overlap-weighted pooling,997f6808ac3973ddd71800e91c8e10755c10b5037186d84348a79e00d672fdc7
-hnBHBN8p5A$_$6,-hnBHBN8p5A,6,audio,附件1-数据集原始多模态样本\MOSEI数据集部分原始视频-100条\-hnBHBN8p5A\6.mp4,6.401000,6.332813,50x74,74,50,0.128020,50,zero vector with audio_mask=0,16 kHz mono; MFCC/chroma/spectral/pitch/energy statistics,997f6808ac3973ddd71800e91c8e10755c10b5037186d84348a79e00d672fdc7
-hnBHBN8p5A$_$6,-hnBHBN8p5A,6,vision,附件1-数据集原始多模态样本\MOSEI数据集部分原始视频-100条\-hnBHBN8p5A\6.mp4,6.401000,6.401000,50x35,35,50,0.128020,50,nearest center frame; zero vector with vision_mask=0,OpenCV face/appearance/texture/optical-flow descriptors,997f6808ac3973ddd71800e91c8e10755c10b5037186d84348a79e00d672fdc7
-qDkUB0GgYY$_$6,-qDkUB0GgYY,6,text,附件1-数据集原始多模态样本\MOSEI数据集部分原始视频-100条\-qDkUB0GgYY\6.mp4,4.677995,4.677995,50x768,768,50,0.093560,50,zero vector with text_mask=0,distilbert-base-uncased; mean of last 4 hidden layers; overlap-weighted pooling,ab19bf4a761d3919b7113b1104ccaadbbf0c4e7b45694904d094280a2c329c8b
-qDkUB0GgYY$_$6,-qDkUB0GgYY,6,audio,附件1-数据集原始多模态样本\MOSEI数据集部分原始视频-100条\-qDkUB0GgYY\6.mp4,4.677995,4.614687,50x74,74,50,0.093560,50,zero vector with audio_mask=0,16 kHz mono; MFCC/chroma/spectral/pitch/energy statistics,ab19bf4a761d3919b7113b1104ccaadbbf0c4e7b45694904d094280a2c329c8b
-qDkUB0GgYY$_$6,-qDkUB0GgYY,6,vision,附件1-数据集原始多模态样本\MOSEI数据集部分原始视频-100条\-qDkUB0GgYY\6.mp4,4.677995,4.677995,50x35,35,50,0.093560,50,nearest center frame; zero vector with vision_mask=0,OpenCV face/appearance/texture/optical-flow descriptors,ab19bf4a761d3919b7113b1104ccaadbbf0c4e7b45694904d094280a2c329c8b
-uywlfIYOS8$_$4,-uywlfIYOS8,4,text,附件1-数据集原始多模态样本\MOSEI数据集部分原始视频-100条\-uywlfIYOS8\4.mp4,6.044987,6.044987,50x768,768,50,0.120900,50,zero vector with text_mask=0,distilbert-base-uncased; mean of last 4 hidden layers; overlap-weighted pooling,fde46f5222cf5cfec7af9c93214c972ce2d686b0bf9c90a291021601968986f9
-uywlfIYOS8$_$4,-uywlfIYOS8,4,audio,附件1-数据集原始多模态样本\MOSEI数据集部分原始视频-100条\-uywlfIYOS8\4.mp4,6.044987,5.881125,50x74,74,50,0.120900,49,zero vector with audio_mask=0,16 kHz mono; MFCC/chroma/spectral/pitch/energy statistics,fde46f5222cf5cfec7af9c93214c972ce2d686b0bf9c90a291021601968986f9
-uywlfIYOS8$_$4,-uywlfIYOS8,4,vision,附件1-数据集原始多模态样本\MOSEI数据集部分原始视频-100条\-uywlfIYOS8\4.mp4,6.044987,6.044987,50x35,35,50,0.120900,50,nearest center frame; zero vector with vision_mask=0,OpenCV face/appearance/texture/optical-flow descriptors,fde46f5222cf5cfec7af9c93214c972ce2d686b0bf9c90a291021601968986f9
-6rXp3zJ3kc$_$8,-6rXp3zJ3kc,8,text,附件1-数据集原始多模态样本\MOSEI数据集部分原始视频-100条\-6rXp3zJ3kc\8.mp4,12.805013,12.805013,50x768,768,50,0.256100,50,zero vector with text_mask=0,distilbert-base-uncased; mean of last 4 hidden layers; overlap-weighted pooling,59b77a0f873b7fa95e7327b93d64bb5a4bdae84039321988ef70bba8e63ee1ae
-6rXp3zJ3kc$_$8,-6rXp3zJ3kc,8,audio,附件1-数据集原始多模态样本\MOSEI数据集部分原始视频-100条\-6rXp3zJ3kc\8.mp4,12.805013,12.738000,50x74,74,50,0.256100,50,zero vector with audio_mask=0,16 kHz mono; MFCC/chroma/spectral/pitch/energy statistics,59b77a0f873b7fa95e7327b93d64bb5a4bdae84039321988ef70bba8e63ee1ae
-6rXp3zJ3kc$_$8,-6rXp3zJ3kc,8,vision,附件1-数据集原始多模态样本\MOSEI数据集部分原始视频-100条\-6rXp3zJ3kc\8.mp4,12.805013,12.805013,50x35,35,50,0.256100,50,nearest center frame; zero vector with vision_mask=0,OpenCV face/appearance/texture/optical-flow descriptors,59b77a0f873b7fa95e7327b93d64bb5a4bdae84039321988ef70bba8e63ee1ae
-9y-fZ3swSY$_$0,-9y-fZ3swSY,0,text,附件1-数据集原始多模态样本\MOSEI数据集部分原始视频-100条\-9y-fZ3swSY\0.mp4,6.833333,6.833333,50x768,768,50,0.136667,50,zero vector with text_mask=0,distilbert-base-uncased; mean of last 4 hidden layers; overlap-weighted pooling,29a1fd181293cdbe24e50edcad51e3cc0f27a5824d840bcc39d453b272fb6e3c
-9y-fZ3swSY$_$0,-9y-fZ3swSY,0,audio,附件1-数据集原始多模态样本\MOSEI数据集部分原始视频-100条\-9y-fZ3swSY\0.mp4,6.833333,6.757000,50x74,74,50,0.136667,50,zero vector with audio_mask=0,16 kHz mono; MFCC/chroma/spectral/pitch/energy statistics,29a1fd181293cdbe24e50edcad51e3cc0f27a5824d840bcc39d453b272fb6e3c
-9y-fZ3swSY$_$0,-9y-fZ3swSY,0,vision,附件1-数据集原始多模态样本\MOSEI数据集部分原始视频-100条\-9y-fZ3swSY\0.mp4,6.833333,6.833333,50x35,35,50,0.136667,50,nearest center frame; zero vector with vision_mask=0,OpenCV face/appearance/texture/optical-flow descriptors,29a1fd181293cdbe24e50edcad51e3cc0f27a5824d840bcc39d453b272fb6e3c
-9y-fZ3swSY$_$4,-9y-fZ3swSY,4,text,附件1-数据集原始多模态样本\MOSEI数据集部分原始视频-100条\-9y-fZ3swSY\4.mp4,2.821029,2.821029,50x768,768,50,0.056421,50,zero vector with text_mask=0,distilbert-base-uncased; mean of last 4 hidden layers; overlap-weighted pooling,fe04a26710e85c58bdaad5a48618c7e0f742d82b0d920eb4a046c8f14a6921dc
-9y-fZ3swSY$_$4,-9y-fZ3swSY,4,audio,附件1-数据集原始多模态样本\MOSEI数据集部分原始视频-100条\-9y-fZ3swSY\4.mp4,2.821029,2.664813,50x74,74,50,0.056421,48,zero vector with audio_mask=0,16 kHz mono; MFCC/chroma/spectral/pitch/energy statistics,fe04a26710e85c58bdaad5a48618c7e0f742d82b0d920eb4a046c8f14a6921dc
-9y-fZ3swSY$_$4,-9y-fZ3swSY,4,vision,附件1-数据集原始多模态样本\MOSEI数据集部分原始视频-100条\-9y-fZ3swSY\4.mp4,2.821029,2.821029,50x35,35,50,0.056421,48,nearest center frame; zero vector with vision_mask=0,OpenCV face/appearance/texture/optical-flow descriptors,fe04a26710e85c58bdaad5a48618c7e0f742d82b0d920eb4a046c8f14a6921dc
-9y-fZ3swSY$_$8,-9y-fZ3swSY,8,text,附件1-数据集原始多模态样本\MOSEI数据集部分原始视频-100条\-9y-fZ3swSY\8.mp4,4.988997,4.988997,50x768,768,50,0.099780,50,zero vector with text_mask=0,distilbert-base-uncased; mean of last 4 hidden layers; overlap-weighted pooling,6140d031e614b62a5d8df73346fef2417c28cee3501310aa95aa40d358b4b256
-9y-fZ3swSY$_$8,-9y-fZ3swSY,8,audio,附件1-数据集原始多模态样本\MOSEI数据集部分原始视频-100条\-9y-fZ3swSY\8.mp4,4.988997,4.917000,50x74,74,50,0.099780,50,zero vector with audio_mask=0,16 kHz mono; MFCC/chroma/spectral/pitch/energy statistics,6140d031e614b62a5d8df73346fef2417c28cee3501310aa95aa40d358b4b256
-9y-fZ3swSY$_$8,-9y-fZ3swSY,8,vision,附件1-数据集原始多模态样本\MOSEI数据集部分原始视频-100条\-9y-fZ3swSY\8.mp4,4.988997,4.988997,50x35,35,50,0.099780,50,nearest center frame; zero vector with vision_mask=0,OpenCV face/appearance/texture/optical-flow descriptors,6140d031e614b62a5d8df73346fef2417c28cee3501310aa95aa40d358b4b256
-AUZQgSxyPQ$_$2,-AUZQgSxyPQ,2,text,附件1-数据集原始多模态样本\MOSEI数据集部分原始视频-100条\-AUZQgSxyPQ\2.mp4,22.511003,22.511003,50x768,768,50,0.450220,50,zero vector with text_mask=0,distilbert-base-uncased; mean of last 4 hidden layers; overlap-weighted pooling,e09034b30bb4f8fb9f9c2568afc20f2a764e327fe6ef4e13f21804eaac51bb7b
-AUZQgSxyPQ$_$2,-AUZQgSxyPQ,2,audio,附件1-数据集原始多模态样本\MOSEI数据集部分原始视频-100条\-AUZQgSxyPQ\2.mp4,22.511003,22.404563,50x74,74,50,0.450220,50,zero vector with audio_mask=0,16 kHz mono; MFCC/chroma/spectral/pitch/energy statistics,e09034b30bb4f8fb9f9c2568afc20f2a764e327fe6ef4e13f21804eaac51bb7b
-AUZQgSxyPQ$_$2,-AUZQgSxyPQ,2,vision,附件1-数据集原始多模态样本\MOSEI数据集部分原始视频-100条\-AUZQgSxyPQ\2.mp4,22.511003,22.511003,50x35,35,50,0.450220,50,nearest center frame; zero vector with vision_mask=0,OpenCV face/appearance/texture/optical-flow descriptors,e09034b30bb4f8fb9f9c2568afc20f2a764e327fe6ef4e13f21804eaac51bb7b
-HeZS2-Prhc$_$2,-HeZS2-Prhc,2,text,附件1-数据集原始多模态样本\MOSEI数据集部分原始视频-100条\-HeZS2-Prhc\2.mp4,8.261979,8.261979,50x768,768,50,0.165240,50,zero vector with text_mask=0,distilbert-base-uncased; mean of last 4 hidden layers; overlap-weighted pooling,edb0fa22fdfbd990c8174764af78670bd2ecad799240d35d96a1124a3cd9dc0c
-HeZS2-Prhc$_$2,-HeZS2-Prhc,2,audio,附件1-数据集原始多模态样本\MOSEI数据集部分原始视频-100条\-HeZS2-Prhc\2.mp4,8.261979,8.150875,50x74,74,50,0.165240,50,zero vector with audio_mask=0,16 kHz mono; MFCC/chroma/spectral/pitch/energy statistics,edb0fa22fdfbd990c8174764af78670bd2ecad799240d35d96a1124a3cd9dc0c
-HeZS2-Prhc$_$2,-HeZS2-Prhc,2,vision,附件1-数据集原始多模态样本\MOSEI数据集部分原始视频-100条\-HeZS2-Prhc\2.mp4,8.261979,8.261979,50x35,35,50,0.165240,50,nearest center frame; zero vector with vision_mask=0,OpenCV face/appearance/texture/optical-flow descriptors,edb0fa22fdfbd990c8174764af78670bd2ecad799240d35d96a1124a3cd9dc0c
-MeTTeMJBNc$_$0,-MeTTeMJBNc,0,text,附件1-数据集原始多模态样本\MOSEI数据集部分原始视频-100条\-MeTTeMJBNc\0.mp4,9.300000,9.300000,50x768,768,50,0.186000,50,zero vector with text_mask=0,distilbert-base-uncased; mean of last 4 hidden layers; overlap-weighted pooling,54e2097f7bdb455d243e72254e5af7ed16160739f2f3cfd22f57d2729ec1acbe
-MeTTeMJBNc$_$0,-MeTTeMJBNc,0,audio,附件1-数据集原始多模态样本\MOSEI数据集部分原始视频-100条\-MeTTeMJBNc\0.mp4,9.300000,9.218312,50x74,74,50,0.186000,50,zero vector with audio_mask=0,16 kHz mono; MFCC/chroma/spectral/pitch/energy statistics,54e2097f7bdb455d243e72254e5af7ed16160739f2f3cfd22f57d2729ec1acbe
-MeTTeMJBNc$_$0,-MeTTeMJBNc,0,vision,附件1-数据集原始多模态样本\MOSEI数据集部分原始视频-100条\-MeTTeMJBNc\0.mp4,9.300000,9.300000,50x35,35,50,0.186000,50,nearest center frame; zero vector with vision_mask=0,OpenCV face/appearance/texture/optical-flow descriptors,54e2097f7bdb455d243e72254e5af7ed16160739f2f3cfd22f57d2729ec1acbe
-MeTTeMJBNc$_$13,-MeTTeMJBNc,13,text,附件1-数据集原始多模态样本\MOSEI数据集部分原始视频-100条\-MeTTeMJBNc\13.mp4,5.430013,5.430013,50x768,768,50,0.108600,50,zero vector with text_mask=0,distilbert-base-uncased; mean of last 4 hidden layers; overlap-weighted pooling,80c5d996e5d7b61c58e1fe32d706efcaf80c8c8cddb5c37a5c66d527786c2a44
-MeTTeMJBNc$_$13,-MeTTeMJBNc,13,audio,附件1-数据集原始多模态样本\MOSEI数据集部分原始视频-100条\-MeTTeMJBNc\13.mp4,5.430013,5.255500,50x74,74,50,0.108600,49,zero vector with audio_mask=0,16 kHz mono; MFCC/chroma/spectral/pitch/energy statistics,80c5d996e5d7b61c58e1fe32d706efcaf80c8c8cddb5c37a5c66d527786c2a44
-MeTTeMJBNc$_$13,-MeTTeMJBNc,13,vision,附件1-数据集原始多模态样本\MOSEI数据集部分原始视频-100条\-MeTTeMJBNc\13.mp4,5.430013,5.430013,50x35,35,50,0.108600,50,nearest center frame; zero vector with vision_mask=0,OpenCV face/appearance/texture/optical-flow descriptors,80c5d996e5d7b61c58e1fe32d706efcaf80c8c8cddb5c37a5c66d527786c2a44
-MeTTeMJBNc$_$7,-MeTTeMJBNc,7,text,附件1-数据集原始多模态样本\MOSEI数据集部分原始视频-100条\-MeTTeMJBNc\7.mp4,10.516992,10.516992,50x768,768,50,0.210340,50,zero vector with text_mask=0,distilbert-base-uncased; mean of last 4 hidden layers; overlap-weighted pooling,40716dc7402fd6398038eded58ce939ec76be6afbeea346b968bf4c427088f3a
-MeTTeMJBNc$_$7,-MeTTeMJBNc,7,audio,附件1-数据集原始多模态样本\MOSEI数据集部分原始视频-100条\-MeTTeMJBNc\7.mp4,10.516992,10.411312,50x74,74,50,0.210340,50,zero vector with audio_mask=0,16 kHz mono; MFCC/chroma/spectral/pitch/energy statistics,40716dc7402fd6398038eded58ce939ec76be6afbeea346b968bf4c427088f3a
-MeTTeMJBNc$_$7,-MeTTeMJBNc,7,vision,附件1-数据集原始多模态样本\MOSEI数据集部分原始视频-100条\-MeTTeMJBNc\7.mp4,10.516992,10.516992,50x35,35,50,0.210340,50,nearest center frame; zero vector with vision_mask=0,OpenCV face/appearance/texture/optical-flow descriptors,40716dc7402fd6398038eded58ce939ec76be6afbeea346b968bf4c427088f3a
-RfYyzHpjk4$_$11,-RfYyzHpjk4,11,text,附件1-数据集原始多模态样本\MOSEI数据集部分原始视频-100条\-RfYyzHpjk4\11.mp4,5.238997,5.238997,50x768,768,50,0.104780,50,zero vector with text_mask=0,distilbert-base-uncased; mean of last 4 hidden layers; overlap-weighted pooling,96e481cd732001239639c8cb4e7f94e570925e5a15940920ffab0cec1f13f904
-RfYyzHpjk4$_$11,-RfYyzHpjk4,11,audio,附件1-数据集原始多模态样本\MOSEI数据集部分原始视频-100条\-RfYyzHpjk4\11.mp4,5.238997,5.074875,50x74,74,50,0.104780,49,zero vector with audio_mask=0,16 kHz mono; MFCC/chroma/spectral/pitch/energy statistics,96e481cd732001239639c8cb4e7f94e570925e5a15940920ffab0cec1f13f904
-RfYyzHpjk4$_$11,-RfYyzHpjk4,11,vision,附件1-数据集原始多模态样本\MOSEI数据集部分原始视频-100条\-RfYyzHpjk4\11.mp4,5.238997,5.238997,50x35,35,50,0.104780,50,nearest center frame; zero vector with vision_mask=0,OpenCV face/appearance/texture/optical-flow descriptors,96e481cd732001239639c8cb4e7f94e570925e5a15940920ffab0cec1f13f904
-RfYyzHpjk4$_$8,-RfYyzHpjk4,8,text,附件1-数据集原始多模态样本\MOSEI数据集部分原始视频-100条\-RfYyzHpjk4\8.mp4,4.588997,4.588997,50x768,768,50,0.091780,50,zero vector with text_mask=0,distilbert-base-uncased; mean of last 4 hidden layers; overlap-weighted pooling,ed8c672c532b8c7d1c830c82d6e2c14fcb3bbd3dc1a86670a03a6c8e83c02f3c
-RfYyzHpjk4$_$8,-RfYyzHpjk4,8,audio,附件1-数据集原始多模态样本\MOSEI数据集部分原始视频-100条\-RfYyzHpjk4\8.mp4,4.588997,4.532375,50x74,74,50,0.091780,50,zero vector with audio_mask=0,16 kHz mono; MFCC/chroma/spectral/pitch/energy statistics,ed8c672c532b8c7d1c830c82d6e2c14fcb3bbd3dc1a86670a03a6c8e83c02f3c
-RfYyzHpjk4$_$8,-RfYyzHpjk4,8,vision,附件1-数据集原始多模态样本\MOSEI数据集部分原始视频-100条\-RfYyzHpjk4\8.mp4,4.588997,4.588997,50x35,35,50,0.091780,50,nearest center frame; zero vector with vision_mask=0,OpenCV face/appearance/texture/optical-flow descriptors,ed8c672c532b8c7d1c830c82d6e2c14fcb3bbd3dc1a86670a03a6c8e83c02f3c
-RfYyzHpjk4$_$2,-RfYyzHpjk4,2,text,附件1-数据集原始多模态样本\MOSEI数据集部分原始视频-100条\-RfYyzHpjk4\2.mp4,5.516016,5.516016,50x768,768,50,0.110320,50,zero vector with text_mask=0,distilbert-base-uncased; mean of last 4 hidden layers; overlap-weighted pooling,5e428ee22de58c9d6561b9b4353bef9dfb811a5841d9ab07b5bc453d697ad17f
-RfYyzHpjk4$_$2,-RfYyzHpjk4,2,audio,附件1-数据集原始多模态样本\MOSEI数据集部分原始视频-100条\-RfYyzHpjk4\2.mp4,5.516016,5.391813,50x74,74,50,0.110320,49,zero vector with audio_mask=0,16 kHz mono; MFCC/chroma/spectral/pitch/energy statistics,5e428ee22de58c9d6561b9b4353bef9dfb811a5841d9ab07b5bc453d697ad17f
-RfYyzHpjk4$_$2,-RfYyzHpjk4,2,vision,附件1-数据集原始多模态样本\MOSEI数据集部分原始视频-100条\-RfYyzHpjk4\2.mp4,5.516016,5.516016,50x35,35,50,0.110320,50,nearest center frame; zero vector with vision_mask=0,OpenCV face/appearance/texture/optical-flow descriptors,5e428ee22de58c9d6561b9b4353bef9dfb811a5841d9ab07b5bc453d697ad17f
-UUCSKoHeMA$_$0,-UUCSKoHeMA,0,text,附件1-数据集原始多模态样本\MOSEI数据集部分原始视频-100条\-UUCSKoHeMA\0.mp4,7.800000,7.800000,50x768,768,50,0.156000,50,zero vector with text_mask=0,distilbert-base-uncased; mean of last 4 hidden layers; overlap-weighted pooling,3f9792888ec8e969f61cfb6cb4de7bdf7ef8944afe0a9d2a9d13586e1f13b898
-UUCSKoHeMA$_$0,-UUCSKoHeMA,0,audio,附件1-数据集原始多模态样本\MOSEI数据集部分原始视频-100条\-UUCSKoHeMA\0.mp4,7.800000,7.732250,50x74,74,50,0.156000,50,zero vector with audio_mask=0,16 kHz mono; MFCC/chroma/spectral/pitch/energy statistics,3f9792888ec8e969f61cfb6cb4de7bdf7ef8944afe0a9d2a9d13586e1f13b898
-UUCSKoHeMA$_$0,-UUCSKoHeMA,0,vision,附件1-数据集原始多模态样本\MOSEI数据集部分原始视频-100条\-UUCSKoHeMA\0.mp4,7.800000,7.800000,50x35,35,50,0.156000,50,nearest center frame; zero vector with vision_mask=0,OpenCV face/appearance/texture/optical-flow descriptors,3f9792888ec8e969f61cfb6cb4de7bdf7ef8944afe0a9d2a9d13586e1f13b898
-ri04Z7vwnc$_$0,-ri04Z7vwnc,0,text,附件1-数据集原始多模态样本\MOSEI数据集部分原始视频-100条\-ri04Z7vwnc\0.mp4,2.807000,2.807000,50x768,768,50,0.056140,50,zero vector with text_mask=0,distilbert-base-uncased; mean of last 4 hidden layers; overlap-weighted pooling,93021c70c8fad20ad3fded80e7fc790a2f9c96835de58a3b694c6906de42684b
-ri04Z7vwnc$_$0,-ri04Z7vwnc,0,audio,附件1-数据集原始多模态样本\MOSEI数据集部分原始视频-100条\-ri04Z7vwnc\0.mp4,2.807000,2.763250,50x74,74,50,0.056140,50,zero vector with audio_mask=0,16 kHz mono; MFCC/chroma/spectral/pitch/energy statistics,93021c70c8fad20ad3fded80e7fc790a2f9c96835de58a3b694c6906de42684b
-ri04Z7vwnc$_$0,-ri04Z7vwnc,0,vision,附件1-数据集原始多模态样本\MOSEI数据集部分原始视频-100条\-ri04Z7vwnc\0.mp4,2.807000,2.807000,50x35,35,50,0.056140,50,nearest center frame; zero vector with vision_mask=0,OpenCV face/appearance/texture/optical-flow descriptors,93021c70c8fad20ad3fded80e7fc790a2f9c96835de58a3b694c6906de42684b
-ri04Z7vwnc$_$2,-ri04Z7vwnc,2,text,附件1-数据集原始多模态样本\MOSEI数据集部分原始视频-100条\-ri04Z7vwnc\2.mp4,6.027000,6.027000,50x768,768,50,0.120540,50,zero vector with text_mask=0,distilbert-base-uncased; mean of last 4 hidden layers; overlap-weighted pooling,f5993ce3a6ee56298462c08692a96f78c7d914d7264257ed401de7d6e17fd148
-ri04Z7vwnc$_$2,-ri04Z7vwnc,2,audio,附件1-数据集原始多模态样本\MOSEI数据集部分原始视频-100条\-ri04Z7vwnc\2.mp4,6.027000,5.913375,50x74,74,50,0.120540,50,zero vector with audio_mask=0,16 kHz mono; MFCC/chroma/spectral/pitch/energy statistics,f5993ce3a6ee56298462c08692a96f78c7d914d7264257ed401de7d6e17fd148
-ri04Z7vwnc$_$2,-ri04Z7vwnc,2,vision,附件1-数据集原始多模态样本\MOSEI数据集部分原始视频-100条\-ri04Z7vwnc\2.mp4,6.027000,6.027000,50x35,35,50,0.120540,50,nearest center frame; zero vector with vision_mask=0,OpenCV face/appearance/texture/optical-flow descriptors,f5993ce3a6ee56298462c08692a96f78c7d914d7264257ed401de7d6e17fd148
-ri04Z7vwnc$_$5,-ri04Z7vwnc,5,text,附件1-数据集原始多模态样本\MOSEI数据集部分原始视频-100条\-ri04Z7vwnc\5.mp4,3.545000,3.545000,50x768,768,50,0.070900,50,zero vector with text_mask=0,distilbert-base-uncased; mean of last 4 hidden layers; overlap-weighted pooling,2a5e4319bf592a18c8eb5117f7c7ec30c6c79528f9eac9fe4fb85bf70f277736
-ri04Z7vwnc$_$5,-ri04Z7vwnc,5,audio,附件1-数据集原始多模态样本\MOSEI数据集部分原始视频-100条\-ri04Z7vwnc\5.mp4,3.545000,3.439750,50x74,74,50,0.070900,49,zero vector with audio_mask=0,16 kHz mono; MFCC/chroma/spectral/pitch/energy statistics,2a5e4319bf592a18c8eb5117f7c7ec30c6c79528f9eac9fe4fb85bf70f277736
-ri04Z7vwnc$_$5,-ri04Z7vwnc,5,vision,附件1-数据集原始多模态样本\MOSEI数据集部分原始视频-100条\-ri04Z7vwnc\5.mp4,3.545000,3.545000,50x35,35,50,0.070900,49,nearest center frame; zero vector with vision_mask=0,OpenCV face/appearance/texture/optical-flow descriptors,2a5e4319bf592a18c8eb5117f7c7ec30c6c79528f9eac9fe4fb85bf70f277736
-s9qJ7ATP7w$_$1,-s9qJ7ATP7w,1,text,附件1-数据集原始多模态样本\MOSEI数据集部分原始视频-100条\-s9qJ7ATP7w\1.mp4,4.791992,4.791992,50x768,768,50,0.095840,50,zero vector with text_mask=0,distilbert-base-uncased; mean of last 4 hidden layers; overlap-weighted pooling,a33e8f82a185bcb7648b523927308cdc2142e3076479ba2b45cd0e828636fc09
-s9qJ7ATP7w$_$1,-s9qJ7ATP7w,1,audio,附件1-数据集原始多模态样本\MOSEI数据集部分原始视频-100条\-s9qJ7ATP7w\1.mp4,4.791992,4.643813,50x74,74,50,0.095840,49,zero vector with audio_mask=0,16 kHz mono; MFCC/chroma/spectral/pitch/energy statistics,a33e8f82a185bcb7648b523927308cdc2142e3076479ba2b45cd0e828636fc09
-s9qJ7ATP7w$_$1,-s9qJ7ATP7w,1,vision,附件1-数据集原始多模态样本\MOSEI数据集部分原始视频-100条\-s9qJ7ATP7w\1.mp4,4.791992,4.791992,50x35,35,50,0.095840,49,nearest center frame; zero vector with vision_mask=0,OpenCV face/appearance/texture/optical-flow descriptors,a33e8f82a185bcb7648b523927308cdc2142e3076479ba2b45cd0e828636fc09
-s9qJ7ATP7w$_$0,-s9qJ7ATP7w,0,text,附件1-数据集原始多模态样本\MOSEI数据集部分原始视频-100条\-s9qJ7ATP7w\0.mp4,6.800000,6.800000,50x768,768,50,0.136000,50,zero vector with text_mask=0,distilbert-base-uncased; mean of last 4 hidden layers; overlap-weighted pooling,f2324dbc6debe0d1e4254e6f943523373e3cbb30d8d0555413ce3a7b370a4af5
-s9qJ7ATP7w$_$0,-s9qJ7ATP7w,0,audio,附件1-数据集原始多模态样本\MOSEI数据集部分原始视频-100条\-s9qJ7ATP7w\0.mp4,6.800000,6.710562,50x74,74,50,0.136000,50,zero vector with audio_mask=0,16 kHz mono; MFCC/chroma/spectral/pitch/energy statistics,f2324dbc6debe0d1e4254e6f943523373e3cbb30d8d0555413ce3a7b370a4af5
-s9qJ7ATP7w$_$0,-s9qJ7ATP7w,0,vision,附件1-数据集原始多模态样本\MOSEI数据集部分原始视频-100条\-s9qJ7ATP7w\0.mp4,6.800000,6.800000,50x35,35,50,0.136000,50,nearest center frame; zero vector with vision_mask=0,OpenCV face/appearance/texture/optical-flow descriptors,f2324dbc6debe0d1e4254e6f943523373e3cbb30d8d0555413ce3a7b370a4af5
-s9qJ7ATP7w$_$5,-s9qJ7ATP7w,5,text,附件1-数据集原始多模态样本\MOSEI数据集部分原始视频-100条\-s9qJ7ATP7w\5.mp4,8.561003,8.561003,50x768,768,50,0.171220,50,zero vector with text_mask=0,distilbert-base-uncased; mean of last 4 hidden layers; overlap-weighted pooling,bd35eb8de64ce1f8b27921294598f7cf5bb971255738f51d06458c7096c58eae
-s9qJ7ATP7w$_$5,-s9qJ7ATP7w,5,audio,附件1-数据集原始多模态样本\MOSEI数据集部分原始视频-100条\-s9qJ7ATP7w\5.mp4,8.561003,8.397875,50x74,74,50,0.171220,50,zero vector with audio_mask=0,16 kHz mono; MFCC/chroma/spectral/pitch/energy statistics,bd35eb8de64ce1f8b27921294598f7cf5bb971255738f51d06458c7096c58eae
-s9qJ7ATP7w$_$5,-s9qJ7ATP7w,5,vision,附件1-数据集原始多模态样本\MOSEI数据集部分原始视频-100条\-s9qJ7ATP7w\5.mp4,8.561003,8.561003,50x35,35,50,0.171220,50,nearest center frame; zero vector with vision_mask=0,OpenCV face/appearance/texture/optical-flow descriptors,bd35eb8de64ce1f8b27921294598f7cf5bb971255738f51d06458c7096c58eae
-s9qJ7ATP7w$_$4,-s9qJ7ATP7w,4,text,附件1-数据集原始多模态样本\MOSEI数据集部分原始视频-100条\-s9qJ7ATP7w\4.mp4,4.427018,4.427018,50x768,768,50,0.088540,50,zero vector with text_mask=0,distilbert-base-uncased; mean of last 4 hidden layers; overlap-weighted pooling,76e0672ffce5857a789b41fb10606402f7da58c33579b1032a8282f86fb35bc9
-s9qJ7ATP7w$_$4,-s9qJ7ATP7w,4,audio,附件1-数据集原始多模态样本\MOSEI数据集部分原始视频-100条\-s9qJ7ATP7w\4.mp4,4.427018,4.246875,50x74,74,50,0.088540,48,zero vector with audio_mask=0,16 kHz mono; MFCC/chroma/spectral/pitch/energy statistics,76e0672ffce5857a789b41fb10606402f7da58c33579b1032a8282f86fb35bc9
-s9qJ7ATP7w$_$4,-s9qJ7ATP7w,4,vision,附件1-数据集原始多模态样本\MOSEI数据集部分原始视频-100条\-s9qJ7ATP7w\4.mp4,4.427018,4.427018,50x35,35,50,0.088540,49,nearest center frame; zero vector with vision_mask=0,OpenCV face/appearance/texture/optical-flow descriptors,76e0672ffce5857a789b41fb10606402f7da58c33579b1032a8282f86fb35bc9
-s9qJ7ATP7w$_$7,-s9qJ7ATP7w,7,text,附件1-数据集原始多模态样本\MOSEI数据集部分原始视频-100条\-s9qJ7ATP7w\7.mp4,6.966016,6.966016,50x768,768,50,0.139320,50,zero vector with text_mask=0,distilbert-base-uncased; mean of last 4 hidden layers; overlap-weighted pooling,5301f4403cf7cd299cc525d2f443392ac70fd70c3c9cd4a09406f2ba4df6734d
-s9qJ7ATP7w$_$7,-s9qJ7ATP7w,7,audio,附件1-数据集原始多模态样本\MOSEI数据集部分原始视频-100条\-s9qJ7ATP7w\7.mp4,6.966016,6.838563,50x74,74,50,0.139320,50,zero vector with audio_mask=0,16 kHz mono; MFCC/chroma/spectral/pitch/energy statistics,5301f4403cf7cd299cc525d2f443392ac70fd70c3c9cd4a09406f2ba4df6734d
-s9qJ7ATP7w$_$7,-s9qJ7ATP7w,7,vision,附件1-数据集原始多模态样本\MOSEI数据集部分原始视频-100条\-s9qJ7ATP7w\7.mp4,6.966016,6.966016,50x35,35,50,0.139320,50,nearest center frame; zero vector with vision_mask=0,OpenCV face/appearance/texture/optical-flow descriptors,5301f4403cf7cd299cc525d2f443392ac70fd70c3c9cd4a09406f2ba4df6734d
-s9qJ7ATP7w$_$6,-s9qJ7ATP7w,6,text,附件1-数据集原始多模态样本\MOSEI数据集部分原始视频-100条\-s9qJ7ATP7w\6.mp4,2.475000,2.475000,50x768,768,50,0.049500,50,zero vector with text_mask=0,distilbert-base-uncased; mean of last 4 hidden layers; overlap-weighted pooling,40b684fd1b4559f0f82e72f9b47f4ce7c5e15059fe8d0d8ab112637cd3386451
-s9qJ7ATP7w$_$6,-s9qJ7ATP7w,6,audio,附件1-数据集原始多模态样本\MOSEI数据集部分原始视频-100条\-s9qJ7ATP7w\6.mp4,2.475000,2.314812,50x74,74,50,0.049500,47,zero vector with audio_mask=0,16 kHz mono; MFCC/chroma/spectral/pitch/energy statistics,40b684fd1b4559f0f82e72f9b47f4ce7c5e15059fe8d0d8ab112637cd3386451
-s9qJ7ATP7w$_$6,-s9qJ7ATP7w,6,vision,附件1-数据集原始多模态样本\MOSEI数据集部分原始视频-100条\-s9qJ7ATP7w\6.mp4,2.475000,2.475000,50x35,35,50,0.049500,48,nearest center frame; zero vector with vision_mask=0,OpenCV face/appearance/texture/optical-flow descriptors,40b684fd1b4559f0f82e72f9b47f4ce7c5e15059fe8d0d8ab112637cd3386451
-s9qJ7ATP7w$_$8,-s9qJ7ATP7w,8,text,附件1-数据集原始多模态样本\MOSEI数据集部分原始视频-100条\-s9qJ7ATP7w\8.mp4,3.294987,3.294987,50x768,768,50,0.065900,50,zero vector with text_mask=0,distilbert-base-uncased; mean of last 4 hidden layers; overlap-weighted pooling,1de4d91bd9d9fb508a3779658747da88460db0bdb1beefe7ea5b2c77edfd2239
-s9qJ7ATP7w$_$8,-s9qJ7ATP7w,8,audio,附件1-数据集原始多模态样本\MOSEI数据集部分原始视频-100条\-s9qJ7ATP7w\8.mp4,3.294987,3.184250,50x74,74,50,0.065900,49,zero vector with audio_mask=0,16 kHz mono; MFCC/chroma/spectral/pitch/energy statistics,1de4d91bd9d9fb508a3779658747da88460db0bdb1beefe7ea5b2c77edfd2239
-s9qJ7ATP7w$_$8,-s9qJ7ATP7w,8,vision,附件1-数据集原始多模态样本\MOSEI数据集部分原始视频-100条\-s9qJ7ATP7w\8.mp4,3.294987,3.294987,50x35,35,50,0.065900,50,nearest center frame; zero vector with vision_mask=0,OpenCV face/appearance/texture/optical-flow descriptors,1de4d91bd9d9fb508a3779658747da88460db0bdb1beefe7ea5b2c77edfd2239
-yRb-Jum7EQ$_$1,-yRb-Jum7EQ,1,text,附件1-数据集原始多模态样本\MOSEI数据集部分原始视频-100条\-yRb-Jum7EQ\1.mp4,29.288021,29.288021,50x768,768,50,0.585760,50,zero vector with text_mask=0,distilbert-base-uncased; mean of last 4 hidden layers; overlap-weighted pooling,2f16da1baa8660e5bfc608f5237cdd59725d16e57a19bc02c4556cd2c7129a46
-yRb-Jum7EQ$_$1,-yRb-Jum7EQ,1,audio,附件1-数据集原始多模态样本\MOSEI数据集部分原始视频-100条\-yRb-Jum7EQ\1.mp4,29.288021,29.109750,50x74,74,50,0.585760,50,zero vector with audio_mask=0,16 kHz mono; MFCC/chroma/spectral/pitch/energy statistics,2f16da1baa8660e5bfc608f5237cdd59725d16e57a19bc02c4556cd2c7129a46
-yRb-Jum7EQ$_$1,-yRb-Jum7EQ,1,vision,附件1-数据集原始多模态样本\MOSEI数据集部分原始视频-100条\-yRb-Jum7EQ\1.mp4,29.288021,29.288021,50x35,35,50,0.585760,50,nearest center frame; zero vector with vision_mask=0,OpenCV face/appearance/texture/optical-flow descriptors,2f16da1baa8660e5bfc608f5237cdd59725d16e57a19bc02c4556cd2c7129a46
-yRb-Jum7EQ$_$5,-yRb-Jum7EQ,5,text,附件1-数据集原始多模态样本\MOSEI数据集部分原始视频-100条\-yRb-Jum7EQ\5.mp4,13.169010,13.169010,50x768,768,50,0.263380,50,zero vector with text_mask=0,distilbert-base-uncased; mean of last 4 hidden layers; overlap-weighted pooling,6d6145293cf84d1fc8324dfa8d39465e2d7fc07affb67ff68deeabf6e3c410d9
-yRb-Jum7EQ$_$5,-yRb-Jum7EQ,5,audio,附件1-数据集原始多模态样本\MOSEI数据集部分原始视频-100条\-yRb-Jum7EQ\5.mp4,13.169010,13.044562,50x74,74,50,0.263380,50,zero vector with audio_mask=0,16 kHz mono; MFCC/chroma/spectral/pitch/energy statistics,6d6145293cf84d1fc8324dfa8d39465e2d7fc07affb67ff68deeabf6e3c410d9
-yRb-Jum7EQ$_$5,-yRb-Jum7EQ,5,vision,附件1-数据集原始多模态样本\MOSEI数据集部分原始视频-100条\-yRb-Jum7EQ\5.mp4,13.169010,13.169010,50x35,35,50,0.263380,50,nearest center frame; zero vector with vision_mask=0,OpenCV face/appearance/texture/optical-flow descriptors,6d6145293cf84d1fc8324dfa8d39465e2d7fc07affb67ff68deeabf6e3c410d9
-yRb-Jum7EQ$_$6,-yRb-Jum7EQ,6,text,附件1-数据集原始多模态样本\MOSEI数据集部分原始视频-100条\-yRb-Jum7EQ\6.mp4,11.241995,11.241995,50x768,768,50,0.224840,50,zero vector with text_mask=0,distilbert-base-uncased; mean of last 4 hidden layers; overlap-weighted pooling,b51eb9ad06de804934cb6a315de591ba9ff7f8aa71bffff7f8001ab29945d989
-yRb-Jum7EQ$_$6,-yRb-Jum7EQ,6,audio,附件1-数据集原始多模态样本\MOSEI数据集部分原始视频-100条\-yRb-Jum7EQ\6.mp4,11.241995,11.242000,50x74,74,50,0.224840,50,zero vector with audio_mask=0,16 kHz mono; MFCC/chroma/spectral/pitch/energy statistics,b51eb9ad06de804934cb6a315de591ba9ff7f8aa71bffff7f8001ab29945d989
-yRb-Jum7EQ$_$6,-yRb-Jum7EQ,6,vision,附件1-数据集原始多模态样本\MOSEI数据集部分原始视频-100条\-yRb-Jum7EQ\6.mp4,11.241995,11.241995,50x35,35,50,0.224840,50,nearest center frame; zero vector with vision_mask=0,OpenCV face/appearance/texture/optical-flow descriptors,b51eb9ad06de804934cb6a315de591ba9ff7f8aa71bffff7f8001ab29945d989
