id,rank,modality,window_index,occlusion_drop,modality_contribution,evidence_score,regression_change,start_time,end_time,start_time_normalized,end_time_normalized,text_fragment,frame_path
01,1,text,8,0.01637512445449829,0.9243683087213433,0.015136646097106096,0.009709089994430542,1.44,1.62,0.16,0.18,components,
01,2,text,9,0.014022648334503174,0.9243683087213433,0.01296209172475886,0.0052388012409210205,1.62,1.8,0.18,0.2,components,
01,3,text,0,0.012755632400512695,0.9243683087213433,0.011790902348733088,0.002281695604324341,0.0,0.18,0.0,0.02,Replacing,
01,4,audio,1,0.00967031717300415,0.07563169127865663,0.0007313824429953414,0.004155933856964111,0.18,0.36,0.02,0.04,Replacing,
01,5,audio,15,0.006473362445831299,0.07563169127865663,0.0004895913500379624,0.002498343586921692,2.7,2.88,0.3,0.32,the,
01,6,audio,3,0.004737555980682373,0.07563169127865663,0.0003583093713463226,0.00563463568687439,0.54,0.72,0.06,0.08,these,
02,1,audio,4,0.0074291229248046875,0.3571246178765299,0.002653122685678642,0.013987839221954346,0.27943752,0.3492969,0.08,0.1,want,
02,2,audio,5,0.00621110200881958,0.3571246178765299,0.0022181374314918395,0.004119396209716797,0.3492969,0.41915628,0.1,0.12,want,
02,3,audio,3,0.005166411399841309,0.3571246178765299,0.0018450526969612752,0.0023640990257263184,0.20957814,0.27943752,0.06,0.08,We,
02,4,vision,15,0.002412140369415283,0.6428753821234702,0.0015507056617232986,0.0017694830894470215,1.0478907,1.11775008,0.3,0.32,by,q3_explainability\q3_q2_best_run_final\attachment4\evidence_frames\02_window_15.jpg
02,5,vision,12,0.0023173093795776367,0.6428753821234702,0.0014897411528942749,0.0031852126121520996,0.83831256,0.90817194,0.24,0.26,live,q3_explainability\q3_q2_best_run_final\attachment4\evidence_frames\02_window_12.jpg
02,6,vision,16,0.00230330228805542,0.6428753821234702,0.0014807363385794913,0.001522064208984375,1.11775008,1.18760946,0.32,0.34,by,q3_explainability\q3_q2_best_run_final\attachment4\evidence_frames\02_window_16.jpg
03,1,text,24,0.024032652378082275,0.8904942834063246,0.02140093955777368,0.014248490333557129,4.63871856,4.8319985,0.48,0.5,who,
03,2,text,25,0.020899951457977295,0.8904942834063246,0.01861128729679846,0.015538632869720459,4.8319985,5.02527844,0.5,0.52,who,
03,3,text,20,0.020295143127441406,0.8904942834063246,0.01807270893589973,0.03215456008911133,3.8655988000000003,4.05887874,0.4,0.42,just,
03,4,vision,9,0.0058678388595581055,0.10950571659367535,0.000642561899172125,0.003091871738433838,1.73951946,1.9327994000000002,0.18,0.2,the,q3_explainability\q3_q2_best_run_final\attachment4\evidence_frames\03_window_09.jpg
03,5,vision,12,0.005356967449188232,0.10950571659367535,0.0005866185592923505,0.004158496856689453,2.31935928,2.51263922,0.24,0.26,which,q3_explainability\q3_q2_best_run_final\attachment4\evidence_frames\03_window_12.jpg
03,6,vision,13,0.0052332282066345215,0.10950571659367535,0.0005730684048657478,0.003951609134674072,2.51263922,2.70591916,0.26,0.28,which,q3_explainability\q3_q2_best_run_final\attachment4\evidence_frames\03_window_13.jpg
04,1,audio,1,0.006811916828155518,0.7209157546202609,0.004910818160580189,0.014701247215270996,0.1398802,0.2797604,0.02,0.04,If,
04,2,audio,15,0.00648421049118042,0.7209157546202609,0.004674569499365945,0.005417943000793457,2.098203,2.2380832,0.3,0.32,team,
04,3,audio,16,0.006281793117523193,0.7209157546202609,0.004528643625687594,0.011707603931427002,2.2380832,2.3779634,0.32,0.34,team,
04,4,vision,15,0.0017799139022827148,0.279084245379739,0.000496745928259478,0.0029072165489196777,2.098203,2.2380832,0.3,0.32,team,q3_explainability\q3_q2_best_run_final\attachment4\evidence_frames\04_window_15.jpg
04,5,vision,14,0.001282036304473877,0.279084245379739,0.0003577961345835213,0.0001303553581237793,1.9583228,2.098203,0.28,0.3,the,q3_explainability\q3_q2_best_run_final\attachment4\evidence_frames\04_window_14.jpg
04,6,vision,18,0.001010596752166748,0.279084245379739,0.00028204163196167203,0.011722207069396973,2.5178436000000004,2.6577238,0.36,0.38,"exercise,",q3_explainability\q3_q2_best_run_final\attachment4\evidence_frames\04_window_18.jpg
05,1,vision,13,0.00250244140625,0.951258621016008,0.002380468961282735,0.012762129306793213,1.5859999999999999,1.7079999999999997,0.26,0.28,name,q3_explainability\q3_q2_best_run_final\attachment4\evidence_frames\05_window_13.jpg
05,2,vision,12,0.0018347501754760742,0.951258621016008,0.001745321921832249,0.005640506744384766,1.4639999999999997,1.5859999999999999,0.24,0.26,name,q3_explainability\q3_q2_best_run_final\attachment4\evidence_frames\05_window_12.jpg
05,3,vision,1,0.0017004013061523438,0.951258621016008,0.0016175214016642973,0.022458434104919434,0.122,0.244,0.02,0.04,"Hi,",q3_explainability\q3_q2_best_run_final\attachment4\evidence_frames\05_window_01.jpg
05,4,audio,7,0.024799585342407227,0.04874137898399197,0.0012087659878201229,0.02070826292037964,0.8539999999999999,0.976,0.14,0.16,my,
05,5,audio,6,0.024009883403778076,0.04874137898399197,0.0011702748263450063,0.01904374361038208,0.7319999999999999,0.8539999999999999,0.12,0.14,my,
05,6,audio,5,0.02161991596221924,0.04874137898399197,0.0010537845175165855,0.03438460826873779,0.61,0.7319999999999999,0.1,0.12,my,
06,1,text,21,0.014249324798583984,0.9920058502055055,0.014135413561673698,0.01876150071620941,3.4881054600000003,3.6542057200000007,0.42,0.44,people,
06,2,text,24,0.0092507004737854,0.9920058502055055,0.009176748988493959,0.0032939910888671875,3.98640624,4.1525065,0.48,0.5,"dance,",
06,3,text,6,0.006143689155578613,0.9920058502055055,0.006094575584178107,0.008265212178230286,0.99660156,1.16270182,0.12,0.14,fan,
06,4,audio,12,0.006819039583206177,0.007994149794494566,5.4512423882737974e-05,0.00016355514526367188,1.99320312,2.15930338,0.24,0.26,that,
06,5,audio,11,0.006692618131637573,0.007994149794494566,5.350179186166112e-05,0.0003239661455154419,1.8271028600000003,1.99320312,0.22,0.24,in,
06,6,audio,7,0.005702078342437744,0.007994149794494566,4.558326840939061e-05,0.0016689449548721313,1.16270182,1.32880208,0.14,0.16,of,
07,1,text,21,0.01617717742919922,0.3333333333333333,0.005392392476399739,0.021575331687927246,8.96616,9.39312,0.42,0.44,the,
07,2,text,26,0.013017535209655762,0.3333333333333333,0.004339178403218587,0.013849973678588867,11.10096,11.52792,0.52,0.54,and,
07,3,text,44,0.011352121829986572,0.3333333333333333,0.003784040609995524,0.014768064022064209,18.78624,19.2132,0.88,0.9,together,
07,4,audio,22,0.007049381732940674,0.3333333333333333,0.0023497939109802246,0.005136728286743164,9.39312,9.820079999999999,0.44,0.46,future,
07,5,audio,25,0.006015360355377197,0.3333333333333333,0.0020051201184590655,0.006000399589538574,10.674,11.10096,0.5,0.52,"shows,",
07,6,audio,24,0.003938853740692139,0.3333333333333333,0.0013129512468973794,0.009871184825897217,10.24704,10.674,0.48,0.5,stamp,
08,1,text,7,0.03250521421432495,0.4109936032601946,0.013359435114689906,0.0138702392578125,0.71204042,0.81376048,0.14,0.16,brings,
08,2,text,6,0.020736873149871826,0.4109936032601946,0.008522722216215403,0.04949146509170532,0.61032036,0.71204042,0.12,0.14,brings,
08,3,text,11,0.01874065399169922,0.4109936032601946,0.007702288911501011,0.006578028202056885,1.11892066,1.22064072,0.22,0.24,us,
08,4,audio,9,0.02310103178024292,0.2562523684678623,0.005919694107738606,0.04307669401168823,0.9154805399999999,1.0172005999999998,0.18,0.2,brings,
08,5,audio,10,0.01877140998840332,0.2562523684678623,0.004810218269009639,0.06923836469650269,1.0172005999999998,1.11892066,0.2,0.22,us,
08,6,audio,8,0.014742732048034668,0.2562523684678623,0.003777860004995942,0.05100369453430176,0.81376048,0.9154805399999999,0.16,0.18,brings,
09,1,text,7,0.01013725996017456,1.0,0.01013725996017456,0.09015822410583496,0.7058788799999999,0.8067187199999999,0.14,0.16,I,
09,2,text,6,0.007306098937988281,1.0,0.007306098937988281,0.06603264808654785,0.6050390399999999,0.7058788799999999,0.12,0.14,I,
09,3,text,16,0.006022334098815918,1.0,0.006022334098815918,0.04057013988494873,1.6134374399999998,1.7142772799999997,0.32,0.34,like,
09,4,audio,17,0.0016858577728271484,0.0,0.0,1.537799835205078e-05,1.7142772799999997,1.8151171199999998,0.34,0.36,like,
09,5,audio,18,0.0012341737747192383,0.0,0.0,0.002512812614440918,1.8151171199999998,1.9159569599999997,0.36,0.38,this,
09,6,audio,7,0.0009776949882507324,0.0,0.0,0.008247017860412598,0.7058788799999999,0.8067187199999999,0.14,0.16,I,
10,1,text,30,0.021984577178955078,0.9504056718873223,0.020894266844923494,0.1337907910346985,5.963984399999999,6.162783879999999,0.6,0.62,I'm,
10,2,text,28,0.017027199268341064,0.9504056718873223,0.01618274676098701,0.09523677825927734,5.5663854399999995,5.765184919999999,0.56,0.58,so,
10,3,text,29,0.011400818824768066,0.9504056718873223,0.010835402875219327,0.041058242321014404,5.765184919999999,5.963984399999999,0.58,0.6,so,
10,4,vision,3,0.00164109468460083,0.04959432811267774,8.138898825206495e-05,0.005240082740783691,0.59639844,0.79519792,0.06,0.08,And,q3_explainability\q3_q2_best_run_final\attachment4\evidence_frames\10_window_03.jpg
10,5,vision,4,0.0015871524810791016,0.04959432811267774,7.871376091148751e-05,0.0036777853965759277,0.79519792,0.9939973999999999,0.08,0.1,you,q3_explainability\q3_q2_best_run_final\attachment4\evidence_frames\10_window_04.jpg
10,6,vision,2,0.0014560222625732422,0.04959432811267774,7.22104458294208e-05,0.004471421241760254,0.39759896,0.59639844,0.04,0.06,And,q3_explainability\q3_q2_best_run_final\attachment4\evidence_frames\10_window_02.jpg
11,1,text,3,0.030380189418792725,0.9190314559237182,0.027920349712791413,0.10972559452056885,0.34823825999999997,0.46431767999999995,0.06,0.08,I,
11,2,text,2,0.02595698833465576,0.9190314559237182,0.023855288780593654,0.09821760654449463,0.23215883999999998,0.34823825999999997,0.04,0.06,I,
11,3,text,4,0.017090976238250732,0.9190314559237182,0.015707144775397242,0.0904572606086731,0.46431767999999995,0.5803971,0.08,0.1,would,
11,4,vision,13,0.002495110034942627,0.08096854407628186,0.00020202542683942526,0.005077183246612549,1.50903246,1.62511188,0.26,0.28,ashamed,q3_explainability\q3_q2_best_run_final\attachment4\evidence_frames\11_window_13.jpg
11,5,vision,14,0.002217888832092285,0.08096854407628186,0.00017957922965755748,0.0044171810150146484,1.62511188,1.7411912999999999,0.28,0.3,ashamed,q3_explainability\q3_q2_best_run_final\attachment4\evidence_frames\11_window_14.jpg
11,6,vision,1,0.0010750293731689453,0.08096854407628186,8.704356318472741e-05,0.00037294626235961914,0.11607941999999999,0.23215883999999998,0.02,0.04,I,q3_explainability\q3_q2_best_run_final\attachment4\evidence_frames\11_window_01.jpg
12,1,text,41,0.014951646327972412,0.8509648567875919,0.012723325576221769,0.04057812690734863,10.671477540000001,10.931757479999998,0.82,0.84,"sag,",
12,2,text,23,0.011485755443572998,0.8509648567875919,0.0097739742361374,0.031146705150604248,5.98643862,6.24671856,0.46,0.48,or,
12,3,text,34,0.009984612464904785,0.8509648567875919,0.008496554316277306,0.0269506573677063,8.84951796,9.1097979,0.68,0.7,they,
12,4,vision,21,0.0032861828804016113,0.1490351432124081,0.0004897567362028179,0.004603087902069092,5.465878739999999,5.72615868,0.42,0.44,their,q3_explainability\q3_q2_best_run_final\attachment4\evidence_frames\12_window_21.jpg
12,5,vision,35,0.0030874013900756836,0.1490351432124081,0.00046013130832411734,0.004037320613861084,9.1097979,9.37007784,0.7,0.72,have,q3_explainability\q3_q2_best_run_final\attachment4\evidence_frames\12_window_35.jpg
12,6,vision,20,0.0029299259185791016,0.1490351432124081,0.00043666192887718277,0.003930032253265381,5.205598800000001,5.465878739999999,0.4,0.42,their,q3_explainability\q3_q2_best_run_final\attachment4\evidence_frames\12_window_20.jpg
13,1,text,6,0.011948645114898682,1.0,0.011948645114898682,0.017029941082000732,1.04148024,1.21506028,0.12,0.14,could,
13,2,text,30,0.011047899723052979,1.0,0.011047899723052979,0.004506349563598633,5.2074012000000005,5.38098124,0.6,0.62,a,
13,3,text,1,0.00592648983001709,1.0,0.00592648983001709,0.01093253493309021,0.17358004000000002,0.34716008000000004,0.02,0.04,For,
13,4,audio,18,0.0057558417320251465,0.0,0.0,0.01409098505973816,3.12444072,3.29802076,0.36,0.38,and,
13,5,audio,17,0.004636168479919434,0.0,0.0,0.00492154061794281,2.95086068,3.12444072,0.34,0.36,and,
13,6,audio,13,0.004059433937072754,0.0,0.0,0.00536501407623291,2.25654052,2.43012056,0.26,0.28,of,
14,1,text,1,0.013582468032836914,0.9922302900749391,0.01347693619615536,0.0220935195684433,0.20701954,0.41403908,0.02,0.04,He,
14,2,text,11,0.012906074523925781,0.9922302900749391,0.01280579806860366,0.013210594654083252,2.27721494,2.48423448,0.22,0.24,Rossen,
14,3,text,2,0.012038111686706543,0.9922302900749391,0.011944579050855348,0.003961294889450073,0.41403908,0.62105862,0.04,0.06,He,
14,4,audio,35,0.005768477916717529,0.007769709925060907,4.481940012201485e-05,0.016779199242591858,7.2456839,7.4527034400000005,0.7,0.72,Final,
14,5,audio,34,0.005413949489593506,0.007769709925060907,4.206481708307309e-05,0.017329514026641846,7.03866436,7.2456839,0.68,0.7,Final,
14,6,audio,27,0.0023249387741088867,0.007769709925060907,1.8064099868352756e-05,0.013350382447242737,5.58952758,5.7965471200000005,0.54,0.56,Executive,
15,1,audio,1,0.003610849380493164,0.8494226157695494,0.0030671371259283603,0.0049277544021606445,0.14666666,0.29333332,0.02,0.04,"However,",
15,2,audio,2,0.003534674644470215,0.8494226157695494,0.0030024325824001916,0.004196286201477051,0.29333332,0.43999997999999996,0.04,0.06,"However,",
15,3,text,20,0.01686042547225952,0.15057738423045067,0.0025387987646253,0.0340038537979126,2.9333331999999994,3.0799998599999996,0.4,0.42,prioritize,
15,4,audio,18,0.0023323893547058105,0.8494226157695494,0.0019811842666672607,0.014345288276672363,2.6399998799999995,2.78666654,0.36,0.38,prioritize,
15,5,text,19,0.009046733379364014,0.15057738423045067,0.0013622334480949386,0.0312502384185791,2.78666654,2.9333331999999994,0.38,0.4,prioritize,
15,6,text,18,0.006393373012542725,0.15057738423045067,0.0009626973846382398,0.011845707893371582,2.6399998799999995,2.78666654,0.36,0.38,prioritize,
16,1,text,10,0.006469249725341797,0.9936249593704005,0.006428007995499718,0.09289312362670898,0.6227994,0.6850793399999999,0.2,0.22,a,
16,2,text,5,0.0033759474754333496,0.9936249593704005,0.0033544256731140682,0.06400728225708008,0.3113997,0.37367964,0.1,0.12,It's,
16,3,text,4,0.0015808343887329102,0.9936249593704005,0.0015707565052760699,0.001397848129272461,0.24911976,0.3113997,0.08,0.1,It's,
16,4,audio,9,0.0024010539054870605,0.006375040629599513,1.53068162013386e-05,0.03504228591918945,0.56051946,0.6227994,0.18,0.2,a,
16,5,audio,10,0.0015705227851867676,0.006375040629599513,1.0012146565277432e-05,0.017394065856933594,0.6227994,0.6850793399999999,0.2,0.22,a,
16,6,audio,11,0.0014481544494628906,0.006375040629599513,9.232043453261243e-06,0.0010428428649902344,0.6850793399999999,0.74735928,0.22,0.24,a,
17,1,text,14,0.008295118808746338,1.0,0.008295118808746338,0.015183448791503906,2.7067577600000003,2.9000976000000005,0.28,0.3,your,
17,2,text,9,0.008266925811767578,1.0,0.008266925811767578,0.025712013244628906,1.74005856,1.9333984000000002,0.18,0.2,design,
17,3,text,13,0.005685746669769287,1.0,0.005685746669769287,0.02063727378845215,2.51341792,2.7067577600000003,0.26,0.28,to,
17,4,audio,4,0.005246162414550781,0.0,0.0,0.01106405258178711,0.77335936,0.9666992000000001,0.08,0.1,these,
17,5,audio,3,0.003923475742340088,0.0,0.0,0.005455136299133301,0.58001952,0.77335936,0.06,0.08,these,
17,6,audio,24,0.0025753378868103027,0.0,0.0,0.0005881786346435547,4.64015616,4.833496,0.48,0.5,easy,
18,1,text,48,0.013273239135742188,1.0,0.013273239135742188,0.004493415355682373,18.055687680000002,18.43184784,0.96,0.98,European,
18,2,text,5,0.012672483921051025,1.0,0.012672483921051025,0.014286160469055176,1.8808008,2.2569609600000002,0.1,0.12,the,
18,3,text,4,0.012324869632720947,1.0,0.012324869632720947,0.014941632747650146,1.50464064,1.8808008,0.08,0.1,-,
18,4,audio,22,0.00498729944229126,0.0,0.0,0.0031180381774902344,8.27552352,8.651683680000001,0.44,0.46,been,
18,5,audio,21,0.004609346389770508,0.0,0.0,0.003057241439819336,7.89936336,8.27552352,0.42,0.44,has,
18,6,audio,20,0.0043013691902160645,0.0,0.0,0.003017604351043701,7.5232032,7.89936336,0.4,0.42,Fishery,
19,1,audio,7,0.008392274379730225,0.5164593659630278,0.004334268705143234,0.012990936636924744,1.91562,2.18928,0.14,0.16,brands,
19,2,audio,9,0.007641911506652832,0.5164593659630278,0.0039467367714714876,0.015247061848640442,2.4629399999999997,2.7365999999999997,0.18,0.2,when,
19,3,audio,11,0.007099717855453491,0.5164593659630278,0.0036667157821438975,0.012002125382423401,3.01026,3.28392,0.22,0.24,own,
19,4,vision,22,0.006454169750213623,0.4835406340369723,0.0031208533332005425,0.009023934602737427,6.02052,6.29418,0.44,0.46,haters,q3_explainability\q3_q2_best_run_final\attachment4\evidence_frames\19_window_22.jpg
19,5,vision,23,0.005979806184768677,0.4835406340369723,0.002891479274001254,0.00680580735206604,6.29418,6.56784,0.46,0.48,out,q3_explainability\q3_q2_best_run_final\attachment4\evidence_frames\19_window_23.jpg
19,6,vision,21,0.005370825529098511,0.4835406340369723,0.002597012381642251,0.008441045880317688,5.746860000000001,6.02052,0.42,0.44,some,q3_explainability\q3_q2_best_run_final\attachment4\evidence_frames\19_window_21.jpg
20,1,text,17,0.001949608325958252,0.7470017247985705,0.001456360782172468,0.014004111289978027,3.7240182999999996,3.9430782,0.34,0.36,this,
20,2,text,2,0.0018532872200012207,0.7470017247985705,0.0013844087498880596,0.020131468772888184,0.4381198,0.6571796999999999,0.04,0.06,of,
20,3,text,18,0.0018003582954406738,0.7470017247985705,0.0013448707519495978,0.011564016342163086,3.9430782,4.1621381,0.36,0.38,video,
20,4,audio,12,0.000655055046081543,0.12274304610484225,8.04034517223964e-05,0.0016323328018188477,2.6287187999999997,2.8477787,0.24,0.26,the,
20,5,audio,13,0.0005707740783691406,0.12274304610484225,7.005854901671227e-05,0.006742715835571289,2.8477787,3.0668385999999996,0.26,0.28,the,
20,6,audio,5,0.00044977664947509766,0.12274304610484225,5.5206956023403386e-05,0.0027424097061157227,1.0952995,1.3143593999999998,0.1,0.12,click,
